variant_name,training_iteration,time_total_s,timesteps_total,episode_reward_mean,episode_len_mean,defender_reward,attacker_reward,defender_policy_loss,attacker_policy_loss,defender_entropy,attacker_entropy
Plain-MAPPO,1,9.117000102996826,1100,602.7272727272727,100.0,507.0,95.72727272727273,-0.025235858642392688,-0.01916987904243999,3.3718052208423615,3.379365530278948
Plain-MAPPO,2,18.489071130752563,2200,462.8181818181818,100.0,664.5,-201.6818181818182,-0.052495395169696875,-0.022112746102114517,3.335436542828878,3.355151136716207
Plain-MAPPO,3,27.431434631347656,3300,299.030303030303,100.0,831.0,-531.969696969697,-0.045056908844142325,-0.014929663286440902,3.2902303304937153,3.350959165228738
Plain-MAPPO,4,35.85208201408386,4400,270.02272727272725,100.0,814.5,-544.4772727272727,-0.05798686037047042,-0.031136295809927914,3.2936881913079157,3.3515419397089214
Plain-MAPPO,5,45.08256673812866,5500,227.98181818181817,100.0,838.2,-610.2181818181818,-0.05912606713051597,-0.02093560988497403,3.2950162258413105,3.333299550745222
Plain-MAPPO,6,53.72738337516785,6600,169.92424242424244,100.0,893.6666666666666,-723.7424242424242,-0.05356292048883107,-0.032701988601022296,3.2774292793538837,3.326224661535687
Plain-MAPPO,7,62.7162230014801,7700,142.84415584415584,100.0,913.2857142857143,-770.4415584415584,-0.04244648085700141,-0.0499847245713075,3.2045933769808874,3.219034049246046
Plain-MAPPO,8,71.2847261428833,8800,133.7159090909091,100.0,899.125,-765.4090909090909,-0.04031527798441756,-0.052235599193308085,3.1794979770978293,3.2626061836878457
Plain-MAPPO,9,80.06152772903442,9900,132.2020202020202,100.0,877.1111111111111,-744.9090909090909,-0.059367797777263656,-0.030034056916419003,3.1326529615455203,3.259094831016329
Plain-MAPPO,10,89.0582263469696,11000,81.22,100.0,910.91,-829.69,-0.0434015364282661,-0.04988792812865642,3.1337454153431787,3.261203987730874
Plain-MAPPO,11,97.9750463962555,12100,58.81,100.0,894.74,-835.93,-0.047323178292976484,-0.04000191080073515,3.1294259197182126,3.2220257851812573
Plain-MAPPO,12,106.64692234992981,13200,86.59,100.0,833.8,-747.21,-0.06747277370757526,-0.02696347360809644,3.09672874212265,3.2484278513325586
Plain-MAPPO,13,115.04479718208313,14300,100.06,100.0,802.45,-702.39,-0.0572972357687023,-0.04345903672381408,3.09471195936203,3.232568879922231
Plain-MAPPO,14,124.29854679107666,15400,101.27,100.0,801.24,-699.97,-0.09435942779398626,-0.001537045541529854,3.0110793511072793,3.191663874520196
Plain-MAPPO,15,133.33984112739563,16500,145.7,100.0,730.29,-584.59,-0.08625719272014168,-0.010327265701360173,3.0666186246607037,3.1801717711819544
Plain-MAPPO,16,142.26925826072693,17600,144.84,100.0,717.97,-573.13,-0.0736292949360278,-0.026726802073729534,2.9005259341663785,3.1804859009053974
Plain-MAPPO,17,151.3933699131012,18700,159.74,100.0,692.56,-532.82,-0.06427577696740627,-0.03711018504367934,2.9257446693049536,3.1631809373696647
Plain-MAPPO,18,159.80058479309082,19800,164.93,100.0,681.34,-516.41,-0.050851618107925683,-0.05113883006076018,2.799591879049937,3.0958006514443293
Plain-MAPPO,19,168.26164031028748,20900,160.89,100.0,662.31,-501.42,-0.05315829192598661,-0.03514991418665482,2.7864859435293408,3.068464457988739
Plain-MAPPO,20,177.25816535949707,22000,159.65,100.0,645.59,-485.94,-0.040950659869445696,-0.03888538179712163,2.698575188716253,3.0499260094430714
Plain-MAPPO,21,186.1384003162384,23100,186.31,100.0,610.61,-424.3,-0.07023665113633291,-0.0372232339060348,2.772813230752945,3.139675395356284
Plain-MAPPO,22,194.55891728401184,24200,201.58,100.0,587.84,-386.26,-0.07983781998821844,-0.03856178502448731,2.779083808263143,3.0894940528604717
Plain-MAPPO,23,203.2485806941986,25300,256.68,100.0,479.38,-222.7,-0.05340424542211824,-0.04507686311586036,2.799822873539395,3.0338845716582403
Plain-MAPPO,24,212.03088760375977,26400,276.55,100.0,444.73,-168.18,-0.01947888493951824,-0.056230091489851475,2.868443148003684,3.0512819389502206
Plain-MAPPO,25,220.64407324790955,27500,285.9,100.0,415.58,-129.68,-0.06424180510091698,-0.04762587687582709,2.759015964137183,3.05847586856948
Plain-MAPPO,26,229.69127011299133,28600,270.08,100.0,426.8,-156.72,-0.08180004782560799,-0.037413468442132905,2.568990550107426,3.1023243500126734
Plain-MAPPO,27,238.4875726699829,29700,245.3,100.0,455.18,-209.88,-0.06426357035525143,-0.03692769546372195,2.467382275395923,3.089229938056734
Plain-MAPPO,28,247.77022552490234,30800,246.45,100.0,450.45,-204.0,-0.06826190959610459,-0.037774091948651604,2.515224594208929,2.983112941185633
Plain-MAPPO,29,256.8541944026947,31900,234.88,100.0,465.3,-230.42,-0.0454811141308811,-0.049246942831410304,2.5432309922244816,3.031324439578586
Plain-MAPPO,30,266.0558834075928,33000,252.73,100.0,432.74,-180.01,-0.03864043586266538,-0.06702411423126857,2.63216879301601,2.8510374559296503
Plain-MAPPO,31,275.0336322784424,34100,225.18,100.0,463.21,-238.03,-0.07722767096775998,-0.02466251654550433,2.4348659449153476,3.017116669151518
Plain-MAPPO,32,283.91713428497314,35200,209.98,100.0,486.2,-276.22,-0.051485125389364034,-0.04900966871840259,2.5839269906282425,3.0141172442171307
Plain-MAPPO,33,293.0640187263489,36300,218.35,100.0,460.68,-242.33,-0.04961281311180857,-0.04777844400248594,2.736451076136695,2.986626466115316
Plain-MAPPO,34,303.0601704120636,37400,245.35,100.0,422.29,-176.94,-0.0626106167005168,-0.04819491940240065,2.541975181963709,2.9477417171001434
Plain-MAPPO,35,312.26997780799866,38500,289.53,100.0,355.63,-66.1,-0.028777144849300385,-0.055052836115161576,2.4721413486533694,2.9867228832509785
Plain-MAPPO,36,321.3156704902649,39600,322.04,100.0,304.04,18.0,-0.01818547211587429,-0.06551332978738679,2.350108914905124,2.80932578113344
Plain-MAPPO,37,330.39703130722046,40700,367.77,100.0,260.92,106.85,-0.06663424149155617,-0.038863596920337945,2.4505433258083134,2.9119037919574313
Plain-MAPPO,38,339.04866123199463,41800,390.94,100.0,220.55,170.39,-0.032827312437196575,-0.06476408829783192,2.2384015685982175,2.761122359169854
Plain-MAPPO,39,348.48816537857056,42900,340.46,100.0,276.54,63.92,-0.05992461078696781,-0.03543868971367677,2.183451314767202,2.9180816842450037
Plain-MAPPO,40,357.0720019340515,44000,372.38,100.0,220.55,151.83,-0.05981337299777402,-0.05191156014593111,2.607397586107254,2.7546987301773496
Plain-MAPPO,41,366.2506763935089,45100,317.74,100.0,281.49,36.25,-0.05494561791419983,-0.05222302799423536,2.0460215409596763,2.8404424521658154
Plain-MAPPO,42,375.03667426109314,46200,260.49,100.0,353.32,-92.83,-0.04804250070204338,-0.029926613076693483,2.029921572241518,2.9152850409348807
Plain-MAPPO,43,383.87372636795044,47300,229.55,100.0,361.9,-132.35,-0.029082152190514736,-0.049127343641076654,1.9413430194060008,2.814705719550451
Plain-MAPPO,44,392.4229419231415,48400,228.06,100.0,364.32,-136.26,-0.04654151739345656,-0.05434365456716882,2.468334259258376,2.673696686824163
Plain-MAPPO,45,401.50140619277954,49500,217.56,100.0,375.21,-157.65,-0.06931695497284333,-0.011413678837319216,1.7110078699058957,2.9193587965435452
Plain-MAPPO,46,410.8002781867981,50600,221.38,100.0,346.17,-124.79,-0.06276117156570156,-0.03959445655345917,1.9757251797450914,2.835709012216992
Plain-MAPPO,47,419.55448818206787,51700,221.3,100.0,350.46,-129.16,-0.06179442129925721,-0.03221695606286327,2.052754392226537,2.687526182995902
Plain-MAPPO,48,428.1467878818512,52800,239.13,100.0,306.9,-67.77,-0.061093524382967085,-0.0341571621182892,1.646954842739635,2.8153745068444147
Plain-MAPPO,49,437.390837430954,53900,217.25,100.0,335.72,-118.47,-0.04085006099194288,-0.048943823824326195,2.129488920999898,2.5837106307347617
Plain-MAPPO,50,446.37853932380676,55000,185.83,100.0,363.88,-178.05,-0.04612516104761097,-0.04219385743555096,1.4237914689713054,2.8204948041174145
Plain-MAPPO,51,455.4339871406555,56100,246.19,100.0,262.79,-16.6,-0.04774710639483399,-0.06374840148621136,2.3659900526205697,2.4574281771977744
Plain-MAPPO,52,463.966685295105,57200,243.82,100.0,267.08,-23.26,-0.061678667216458254,-0.016177761950530112,2.0354451802041797,2.6522969520754285
Plain-MAPPO,53,472.4751286506653,58300,248.32,100.0,250.8,-2.48,-0.05174453660017914,-0.053062332794070244,2.322790652513504,2.5973186095555625
Plain-MAPPO,54,481.390718460083,59400,271.29,100.0,207.79,63.5,-0.05261703069683992,-0.05292889951831765,1.9347282697757084,2.4543649752934775
Plain-MAPPO,55,490.4619038105011,60500,271.98,100.0,202.95,69.03,-0.0340612322712938,-0.04721325498798655,2.021632530623012,2.3816639251179166
Plain-MAPPO,56,499.31186389923096,61600,269.36,100.0,217.91,51.45,-0.024713661676893633,-0.06237602440847291,2.2147584607203803,2.341373927063412
Plain-MAPPO,57,508.33098578453064,62700,295.87,100.0,181.17,114.7,-0.06627754505542624,-0.04528164004700051,2.039999381535583,2.6518226299020977
Plain-MAPPO,58,517.2815344333649,63800,315.95,100.0,154.0,161.95,-0.06334526772196922,-0.047997793907092676,2.1835497890909514,2.496258149544398
Plain-MAPPO,59,526.15372133255,64900,351.22,100.0,85.91,265.31,-0.04013026071091493,-0.0520056558565961,1.975585263636377,2.4816293948226504
Plain-MAPPO,60,534.5638349056244,66000,334.43,100.0,135.96,198.47,-0.024249934979404014,-0.07183432408298056,2.0421862271096973,2.503136095073488
Plain-MAPPO,61,542.7956619262695,67100,349.09,100.0,111.54,237.55,-0.02564216943250762,-0.0685792016900248,2.0825528138213687,2.4314891911215253
Plain-MAPPO,62,551.6884326934814,68200,320.45,100.0,178.75,141.7,-0.04218965506717925,-0.041042256324241556,2.209968431128396,2.384801255332099
Plain-MAPPO,63,560.6105740070343,69300,342.24,100.0,130.79,211.45,-0.011308168020655608,-0.06949181854724884,2.2683897581365375,2.1211783157454596
Plain-MAPPO,64,569.0992374420166,70400,300.02,100.0,178.64,121.38,-0.02293636856807603,-0.0666272170169072,1.8835194119148784,2.5513807038466134
Plain-MAPPO,65,577.8161511421204,71500,291.56,100.0,224.84,66.72,-0.05741110226760308,-0.039631443926029734,1.7985743764373991,2.4343749748335943
Plain-MAPPO,66,586.8109443187714,72600,295.62,100.0,200.86,94.76,-0.05616039167378201,-0.031358021673642926,2.340783216059208,2.1328774756855435
Plain-MAPPO,67,596.0738041400909,73700,259.57,100.0,224.73,34.84,-0.04863169266738825,-0.036195905309998326,1.8022112515237596,2.3429630994796753
Plain-MAPPO,68,605.5814485549927,74800,236.56,100.0,313.06,-76.5,-0.02743390595747365,-0.06568337610224262,1.5591542306873534,2.414793456594149
Plain-MAPPO,69,614.748612165451,75900,217.45,100.0,330.33,-112.88,-0.06026608393424087,-0.012253364962008264,1.7389462797178163,2.3620899518330893
Plain-MAPPO,70,624.3038070201874,77000,256.06,100.0,304.37,-48.31,-0.017651053352488413,-0.06409920855528778,2.1984739783737393,2.0713175435860953
Plain-MAPPO,71,633.3017566204071,78100,265.46,100.0,263.45,2.01,-0.052786643979036145,-0.02419975544843409,2.1340970943371453,2.0750190052721234
Plain-MAPPO,72,642.4317698478699,79200,231.58,100.0,318.67,-87.09,-0.07952530992527802,-0.019779614690277312,1.9268979297743902,2.189825769927767
Plain-MAPPO,73,651.2357852458954,80300,272.37,100.0,280.06,-7.69,-0.037939165718853474,-0.04168447288167146,2.030589540799459,1.8194659352302551
Plain-MAPPO,74,659.8719551563263,81400,290.94,100.0,218.79,72.15,-0.052250135896934405,-0.03522659442387521,1.9811615943908691,2.001000228855345
Plain-MAPPO,75,669.0019183158875,82500,258.9,100.0,287.32,-28.42,-0.04248607779542605,-0.04124784842133522,1.6575609122713406,2.2729672375652523
Plain-MAPPO,76,677.603698015213,83600,258.62,100.0,312.84,-54.22,-0.012200012596117126,-0.06636331499450737,1.5975367898742359,1.8375576386849086
Plain-MAPPO,77,686.7086684703827,84700,239.2,100.0,333.3,-94.1,-0.06224241107702255,-0.013394689575458566,1.074295789624254,2.4602902200486927
Plain-MAPPO,78,695.4802236557007,85800,298.8,100.0,242.99,55.81,-0.004627517734964688,-0.040114074324568115,2.137490187668138,1.4413021786345377
Plain-MAPPO,79,704.1724243164062,86900,219.89,100.0,338.25,-118.36,-0.02925593733218395,-0.048288767950402364,1.1041540735297732,2.3175016972753735
Plain-MAPPO,80,713.0654125213623,88000,222.92,100.0,327.8,-104.88,-0.003045370802283287,-0.07039489436687695,1.6737889639205403,1.5779256025950115
Plain-MAPPO,81,721.8071920871735,89100,278.86,100.0,278.19,0.67,-0.06749006960954931,-0.02464135384394063,2.257446779972977,1.3351930860016081
Plain-MAPPO,82,730.7928700447083,90200,262.52,100.0,281.71,-19.19,-0.036564122471544475,-0.047062738695078425,1.5278173974818654,1.9208789947960112
Plain-MAPPO,83,739.6109941005707,91300,254.59,100.0,261.03,-6.44,-0.03460956861575445,-0.04786186541120211,1.5416170967121918,1.7976720275150404
Plain-MAPPO,84,748.5225515365601,92400,277.04,100.0,183.48,93.56,-0.024967228165931173,-0.04999086767848995,1.8980849458732538,1.5859987048639193
Plain-MAPPO,85,757.45791888237,93500,315.71,100.0,99.22,216.49,-0.01863230744169818,-0.054814539435837,2.128635941280259,1.557377801173263
Plain-MAPPO,86,765.9869482517242,94600,383.59,100.0,-35.31,418.9,-0.020300033463475604,-0.0553723561267058,1.904349549776978,1.6185409848888714
Plain-MAPPO,87,774.7339236736298,95700,359.42,100.0,-25.63,385.05,-0.026570909190922976,-0.03160876263346937,1.6740978608528774,1.5972529359989696
Plain-MAPPO,88,783.3600289821625,96800,405.01,100.0,-130.35,535.36,-0.011109961843531992,-0.054591121022692986,1.8566293062435255,1.6450963848166995
Plain-MAPPO,89,791.8603932857513,97900,413.39,100.0,-149.82,563.21,-0.0012629486930867035,-0.06435577302343315,1.7595749710583024,1.5518060011996164
Plain-MAPPO,90,800.488719701767,99000,378.39,100.0,-164.45,542.84,-0.03074148545662562,-0.041218803180122957,1.5077170773098867,1.6656427184740703
Plain-MAPPO,91,809.2009379863739,100100,413.01,100.0,-186.45,599.46,-0.036424954835739404,-0.04164038236356444,1.9853764275709789,1.4157372526824474
Plain-MAPPO,92,817.6976268291473,101200,437.75,100.0,-189.42,627.17,-0.03316387627273798,-0.037886547571462065,1.6565615725186136,1.5476076776782672
Plain-MAPPO,93,826.6892640590668,102300,441.36,100.0,-203.72,645.08,-0.0108434508761598,-0.08112233018295632,1.9588199853897095,1.472173081503974
Plain-MAPPO,94,835.7729530334473,103400,428.02,100.0,-175.89,603.91,-0.0037653978086180156,-0.06128361696998278,1.7107503256864018,1.4248612200220425
Plain-MAPPO,95,844.4265012741089,104500,438.07,100.0,-194.26,632.33,-0.02120249532163143,-0.054026060194397964,1.4536251868638728,1.6650806665420532
Plain-MAPPO,96,853.0377881526947,105600,479.77,100.0,-208.34,688.11,-0.04313274576432175,-0.035316080786287785,1.9473093135489359,1.201982769701216
Plain-MAPPO,97,861.7771651744843,106700,422.5,100.0,-147.62,570.12,-0.025262540206313133,-0.038579779392522245,1.0992157156579196,1.8585360174377759
Plain-MAPPO,98,870.6138880252838,107800,426.41,100.0,-147.51,573.92,-0.03964641048676438,-0.031533676678211324,1.648325973500808,1.3591790211697419
Plain-MAPPO,99,879.5521683692932,108900,436.56,100.0,-172.59,609.15,0.008575661107897758,-0.06510557968997294,1.4876485139959388,1.4428975250985887
Plain-MAPPO,100,888.2100389003754,110000,384.52,100.0,-101.75,486.27,-0.029758235750099022,-0.038885021271804966,1.0811158358119428,1.9725430972046323
Plain-MAPPO,101,897.1481812000275,111100,393.81,100.0,-104.94,498.75,-0.0257919000254737,-0.037516081084807716,1.7639400474727154,1.634806705845727
Plain-MAPPO,102,905.8299219608307,112200,359.14,100.0,-19.91,379.05,-0.026106058387085795,-0.0399182656676405,1.5763108297768567,1.671570411986775
Plain-MAPPO,103,914.3491508960724,113300,362.32,100.0,13.42,348.9,-0.004332773769015653,-0.05711074214842585,2.0427791509363384,1.2124672469993432
Plain-MAPPO,104,923.4591591358185,114400,392.78,100.0,5.61,387.17,0.0007694912039571338,-0.05946751658080353,2.120973639190197,1.3770889813701312
Plain-MAPPO,105,932.2575223445892,115500,368.64,100.0,39.27,329.37,0.002420247428947025,-0.05692201418181261,1.7798070969680946,1.427490260038111
Plain-MAPPO,106,940.8295693397522,116600,397.6,100.0,13.31,384.29,-0.04678377943734328,-0.02783936601028674,1.7401184563835461,1.6261455698145761
Plain-MAPPO,107,949.3473603725433,117700,395.5,100.0,22.44,373.06,-0.03209947173794111,-0.026454406066073313,1.5066526407479413,1.4547697943117883
Plain-MAPPO,108,958.03049659729,118800,411.99,100.0,30.91,381.08,-0.01698483361138238,-0.036192520055919886,1.9456391967833042,1.036335065546963
Plain-MAPPO,109,966.7303147315979,119900,429.35,100.0,-32.01,461.36,-0.023208908684965637,-0.03069633266164197,2.106107351680597,1.196222812972135
Plain-MAPPO,110,975.3210341930389,121000,393.46,100.0,-15.73,409.19,-0.03182613241693212,-0.02651946642436087,1.4784282273095515,1.7004010412428114
Plain-MAPPO,111,984.0205895900726,122100,387.08,100.0,-38.94,426.02,-0.05058432215203842,-0.011738352477550507,1.5710950187510915,1.4478286324689786
Plain-MAPPO,112,992.9388203620911,123200,375.66,100.0,-15.18,390.84,-0.025767731997701857,-0.047313001627723374,1.716168178866307,1.6324190832674503
Plain-MAPPO,113,1001.9509899616241,124300,335.74,100.0,11.0,324.74,-0.04068085903094874,-0.030837583510826033,1.7509063449170854,1.2990019073088963
Plain-MAPPO,114,1011.3437893390656,125400,337.04,100.0,-27.94,364.98,-0.004596587606809205,-0.06140586829537319,1.7575105081001918,1.353802966574828
Plain-MAPPO,115,1020.1626307964325,126500,317.88,100.0,-14.41,332.29,-0.03620447021805578,-0.03743401128384802,1.433044059202075,1.7180472744835749
Plain-MAPPO,116,1028.903525352478,127600,375.11,100.0,-42.24,417.35,-0.03577340466694699,-0.02366162795159552,2.2718515172600746,0.9521495704021719
Plain-MAPPO,117,1038.1599028110504,128700,363.4,100.0,-31.13,394.53,-0.030683334295948345,-0.03325170257853137,1.767952059292131,1.4980091063512697
Plain-MAPPO,118,1046.8334019184113,129800,365.48,100.0,11.77,353.71,-0.035536314671238266,-0.036416926757536,1.5083496198058128,1.4948399886488914
Plain-MAPPO,119,1055.6534066200256,130900,425.4,100.0,-58.63,484.03,-0.03600772759980626,-0.03787737701916032,1.764227758265204,1.395334283924765
Plain-MAPPO,120,1064.4016363620758,132000,434.13,100.0,-31.9,466.03,-0.05928219916919867,-0.010664295301669173,1.619364357708643,1.4435949594610267
Plain-MAPPO,121,1073.2800924777985,133100,388.71,100.0,51.92,336.79,-0.033065416332748204,-0.02860469702217314,1.1085465213594337,1.7774693419535954
Plain-MAPPO,122,1082.329440832138,134200,407.06,100.0,54.56,352.5,-0.00883074870540036,-0.059756775904032916,1.8099055588245392,1.538562949332926
Plain-MAPPO,123,1091.2701048851013,135300,420.02,100.0,20.9,399.12,-0.011244226350552507,-0.050844014518790774,1.9654508251696825,1.1605468884938293
Plain-MAPPO,124,1099.8962709903717,136400,419.14,100.0,49.17,369.97,-0.002727365328205956,-0.058072558086779386,1.7146630390650697,1.4250798039138317
Plain-MAPPO,125,1108.5456490516663,137500,396.64,100.0,55.22,341.42,-0.03634630699848963,-0.024217189121473994,1.7197395414113998,1.5314653648270502
Plain-MAPPO,126,1117.8726570606232,138600,398.52,100.0,64.57,333.95,-0.018446307005231373,-0.046117273883687124,1.9403748081790075,1.0908118912743197
Plain-MAPPO,127,1126.969498872757,139700,390.4,100.0,86.02,304.38,-0.04168261649707953,-0.0255360079722272,1.7010573206676378,1.4117325358092785
Plain-MAPPO,128,1135.7678139209747,140800,323.11,100.0,196.79,126.32,-0.03605810418311092,-0.03081516197158231,1.0043136987110808,1.8984738207525678
Plain-MAPPO,129,1145.2575016021729,141900,345.15,100.0,125.84,219.31,-0.037518748392661415,-0.024166043653773766,1.980333949956629,1.0789682995527983
Plain-MAPPO,130,1153.8080899715424,143000,320.24,100.0,198.0,122.24,-0.019884270383045077,-0.04489114032023483,1.0541095367322366,1.9029567547970347
Plain-MAPPO,131,1162.9178960323334,144100,283.13,100.0,175.67,107.46,-0.028040840290486813,-0.02418741860633923,0.9949316440357102,1.7445303450028102
Plain-MAPPO,132,1171.5461604595184,145200,262.95,100.0,202.07,60.88,-0.03590528724534023,-0.023021623078319762,1.4981406641503174,1.483906749015053
Plain-MAPPO,133,1180.237731218338,146300,253.49,100.0,219.45,34.04,-0.027303886496358447,-0.02191388751897547,1.3967642875181303,1.6689266703195043
Plain-MAPPO,134,1189.1029586791992,147400,265.22,100.0,230.23,34.99,0.014334787511163287,-0.07095135872562726,2.0326971035036774,1.068635269999504
Plain-MAPPO,135,1198.1970717906952,148500,226.66,100.0,275.11,-48.45,-0.02614882236553563,-0.039190945694119565,1.272251561180585,1.463682693739732
Plain-MAPPO,136,1206.7740786075592,149600,217.22,100.0,298.76,-81.54,0.000892354589369562,-0.05827761720865965,1.60137442426963,1.3802460013992257
Plain-MAPPO,137,1215.7157990932465,150700,265.41,100.0,242.44,22.97,-0.03194037210454957,-0.041956069154871836,1.6203297997514408,1.4401872149772115
Plain-MAPPO,138,1224.7487533092499,151800,254.43,100.0,247.72,6.71,-0.01891884421153615,-0.042242941136161484,1.6857687946822908,1.3887072606012225
Plain-MAPPO,139,1233.5769004821777,152900,243.49,100.0,252.45,-8.96,-0.04992474946710798,-0.018515914989014465,1.0602508063635065,1.8833216337694063
Plain-MAPPO,140,1242.4743418693542,154000,299.11,100.0,209.33,89.78,-0.03103179070684645,-0.04255005593101183,1.9688480792360172,1.2770148519840505
Plain-MAPPO,141,1251.194985628128,155100,297.39,100.0,255.75,41.64,-0.032563777123060494,-0.03923429139993257,2.0927457387248674,1.3924320050411754
Plain-MAPPO,142,1260.1926102638245,156200,306.84,100.0,230.23,76.61,-0.02507035496334235,-0.02857230541606744,1.8181822724226449,1.262703514761395
Plain-MAPPO,143,1268.7304947376251,157300,288.4,100.0,233.2,55.2,-0.02423190154756109,-0.05172151575485865,1.9845189957155123,1.1529842279851437
Plain-MAPPO,144,1278.017818927765,158400,339.49,100.0,136.51,202.98,-0.010907797867225276,-0.04057327269886931,1.9514871388673782,1.15676558121211
Plain-MAPPO,145,1286.7108447551727,159500,341.89,100.0,99.0,242.89,-0.017540492117404938,-0.046724372853835426,1.8727901056408882,1.1688360602905352
Plain-MAPPO,146,1295.8588395118713,160600,367.92,100.0,14.08,353.84,-0.02775431362291177,-0.03465971981899606,2.203321363363001,0.9984910196314255
Plain-MAPPO,147,1304.8424191474915,161700,337.09,100.0,104.72,232.37,-0.06643558635065953,-0.006821461487561464,1.2704002797189686,1.8852404149042234
Plain-MAPPO,148,1313.7765536308289,162800,352.3,100.0,68.53,283.77,-0.031214554354341492,-0.02844536548460989,1.706505148878528,1.469761328978671
Plain-MAPPO,149,1322.4055433273315,163900,330.6,100.0,78.98,251.62,-0.04079060678163336,-0.02986213942575786,1.9370450890726514,1.4149505872693326
Plain-MAPPO,150,1331.6618022918701,165000,327.57,100.0,6.6,320.97,-0.05165387788373563,-0.01870098968114083,1.9911083330710728,1.1144072734233406
Plain-MAPPO,151,1341.7365703582764,166100,339.73,100.0,39.6,300.13,-0.005141369274093045,-0.05889673924280538,1.9972923787103758,1.2672923612925742
Plain-MAPPO,152,1351.3761632442474,167200,346.3,100.0,28.05,318.25,-0.02350693139144116,-0.03709242335106763,2.3502205361922583,0.7891190042719245
Plain-MAPPO,153,1360.2766230106354,168300,344.18,100.0,28.05,316.13,-0.02785054260554413,-0.04247695391273333,2.1638446069426007,1.2608867072396808
Plain-MAPPO,154,1369.9311995506287,169400,368.9,100.0,38.06,330.84,0.0020353771332237455,-0.07209258692132102,2.3604983795020313,0.8330506525105901
Plain-MAPPO,155,1379.4340555667877,170500,351.38,100.0,118.36,233.02,-0.028561168608980045,-0.036069102895756565,1.6410978499593005,1.5057718472348318
Plain-MAPPO,156,1388.2374231815338,171600,392.9,100.0,31.24,361.66,-0.04433038065003024,-0.02914462269594272,1.5800669569936063,1.4553608124454815
Plain-MAPPO,157,1397.3143239021301,172700,395.57,100.0,18.37,377.2,-0.03593384365861615,-0.03606630428435488,2.1658823614319167,1.0535038594777386
Plain-MAPPO,158,1405.8066420555115,173800,431.83,100.0,19.91,411.92,-0.04227526837752925,-0.03125660866498947,1.9043433434433408,1.242850689113968
Plain-MAPPO,159,1414.4359838962555,174900,402.45,100.0,135.96,266.49,-0.010147300807552205,-0.043366625148337334,1.147253637202084,1.8001258720954258
Plain-MAPPO,160,1423.0651953220367,176000,376.25,100.0,130.9,245.35,-0.050946435916961894,-0.019661963212355558,2.048596952938371,1.27737602384554
Plain-MAPPO,161,1432.311973810196,177100,343.47,100.0,199.21,144.26,-0.045114597098694906,-0.01909837406128645,1.6490228429643645,1.3500193643073242
Plain-MAPPO,162,1440.896253824234,178200,273.42,100.0,296.89,-23.47,-0.014387914011927528,-0.060695770794862054,1.153776843721668,1.7290167949265904
Plain-MAPPO,163,1450.2037057876587,179300,204.71,100.0,379.72,-175.01,-0.01894895484050115,-0.0554179433060603,1.7927107674380143,1.3478071143229802
Plain-MAPPO,164,1459.539056301117,180400,197.66,100.0,333.96,-136.3,-0.009418502553469606,-0.05022455855376191,2.0023817362056837,1.324122664001253
Plain-MAPPO,165,1468.1202161312103,181500,228.25,100.0,325.05,-96.8,-0.02411770846487747,-0.04124855622649193,2.0294283310779266,1.1113858500288591
Plain-MAPPO,166,1476.9583728313446,182600,238.71,100.0,328.57,-89.86,-0.03137868006403247,-0.044021820856465235,1.3973858480652173,1.6251889343063037
Plain-MAPPO,167,1486.497725725174,183700,228.52,100.0,315.37,-86.85,-0.028070413404040866,-0.021556556845704716,2.0223354544076653,1.1900429469015863
Plain-MAPPO,168,1495.2932929992676,184800,244.8,100.0,270.27,-25.47,-0.0049826523496045005,-0.04852960827863879,1.8720691356187065,1.2780937018493812
Plain-MAPPO,169,1505.0857446193695,185900,258.56,100.0,281.49,-22.93,-0.013983022887259722,-0.053057075128890574,1.8948412913208206,1.2076530230955944
Plain-MAPPO,170,1513.8905279636383,187000,281.08,100.0,230.45,50.63,-0.027523040926704805,-0.03527714808781942,1.2529185360504522,1.357701005621089
Plain-MAPPO,171,1522.7055611610413,188100,325.07,100.0,203.94,121.13,-0.019396557181607932,-0.041887290568815336,1.952742874622345,1.19659569248971
Plain-MAPPO,172,1531.5609583854675,189200,375.92,100.0,98.12,277.8,-0.05810090568330553,-0.01716989568538136,2.066675087230073,0.9217969377835592
Plain-MAPPO,173,1540.6476254463196,190300,393.38,100.0,125.29,268.09,-0.03276327262736029,-0.02824412224193414,1.5194925007720788,1.3706485001991193
Plain-MAPPO,174,1549.311534166336,191400,350.85,100.0,137.39,213.46,-0.03525505194233523,-0.025920826941728592,1.5602717257570475,1.1310714287683368
Plain-MAPPO,175,1558.4539799690247,192500,367.11,100.0,43.34,323.77,-0.012364987542645799,-0.04220524326794677,1.5946419583633542,1.1103715673089027
Plain-MAPPO,176,1567.5493025779724,193600,374.14,100.0,46.97,327.17,-0.02539241189757983,-0.029122763002912205,1.918404326049818,0.8832539578692781
Plain-MAPPO,177,1576.5861632823944,194700,334.13,100.0,66.44,267.69,-0.01792393314341704,-0.04854514592120217,1.3550568318201437,1.1499754167679284
Plain-MAPPO,178,1585.6369500160217,195800,345.8,100.0,27.83,317.97,-0.04462390879376067,-0.0413371198810637,1.391399172031217,1.2794851089517276
Plain-MAPPO,179,1594.8116228580475,196900,366.96,100.0,4.18,362.78,-0.013257971964776516,-0.03757357861225804,2.0925119772760405,0.770072857487119
Plain-MAPPO,180,1604.0828938484192,198000,373.33,100.0,-35.97,409.3,-0.015251578400946326,-0.04695059607426325,1.3543307971623209,1.1614598956786923
Plain-MAPPO,181,1613.2367041110992,199100,361.25,100.0,-4.73,365.98,-0.026402016894684896,-0.03137993781516949,1.8664256549543805,0.8975392481726077
Plain-MAPPO,182,1622.1344544887543,200200,388.61,100.0,-33.22,421.83,-0.03800410901506742,-0.03788169680370225,1.921337762226661,0.9770848646553026
Plain-MAPPO,183,1630.9266731739044,201300,428.74,100.0,-83.05,511.79,-0.02969300395084752,-0.02398938551131222,1.8568012134896383,1.0979711936993732
Plain-MAPPO,184,1640.394588470459,202400,410.13,100.0,-72.93,483.06,0.01484921843641334,-0.06522501084125704,1.9667234006855223,0.8797866135007806
Plain-MAPPO,185,1649.5831027030945,203500,388.72,100.0,-48.84,437.56,-0.021381917513079114,-0.03974605765607622,1.3161027332146962,1.257262726003925
Plain-MAPPO,186,1658.2811539173126,204600,409.91,100.0,-97.02,506.93,-0.02757646743622091,-0.0269458980506493,1.6730097221831481,0.9960113867289491
Plain-MAPPO,187,1667.0476484298706,205700,427.44,100.0,-108.35,535.79,-0.01589419154657258,-0.04482591369499763,1.8667679511838489,0.9183365292847157
Plain-MAPPO,188,1676.0845980644226,206800,428.11,100.0,-118.03,546.14,-0.006942988683780034,-0.047903486993163824,2.1408169915278754,0.8106140856527619
Plain-MAPPO,189,1684.998334646225,207900,393.12,100.0,-75.13,468.25,-0.0475698769506481,-0.019671891608999834,1.0276019235348537,1.5042824869354565
Plain-MAPPO,190,1694.3742849826813,209000,407.77,100.0,-116.93,524.7,-0.0114040808338258,-0.04688412699356882,1.8796147074964311,1.0505078222809567
Plain-MAPPO,191,1703.658233165741,210100,430.77,100.0,-161.15,591.92,-0.04064311556188235,-0.030274512867132824,2.8002673188845315,0.502764526858098
Plain-MAPPO,192,1712.818148612976,211200,410.06,100.0,-133.54,543.6,-0.014362861971474357,-0.06317351789524157,1.8732512874735727,1.0202320776879787
Plain-MAPPO,193,1722.1327157020569,212300,396.05,100.0,-80.08,476.13,-0.028937103588961892,-0.0460152942687273,2.0217649158504276,0.9689972813551625
Plain-MAPPO,194,1730.8757455348969,213400,443.99,100.0,-122.43,566.42,-0.02385930282374223,-0.041357448738482266,1.981250311765406,0.9359630191077789
Plain-MAPPO,195,1740.3358376026154,214500,449.03,100.0,-137.06,586.09,-0.008963017051832544,-0.0489908290716509,2.2730070766475468,0.8264836960782608
Plain-MAPPO,196,1749.6649947166443,215600,413.64,100.0,-126.61,540.25,0.005551825794908736,-0.06201638943619198,1.5819608650894628,1.2043039960165818
Plain-MAPPO,197,1758.6728601455688,216700,398.62,100.0,-110.44,509.06,0.002249275023738543,-0.06474972433514065,1.436247517251306,1.2175403928591146
Plain-MAPPO,198,1767.4365243911743,217800,454.33,100.0,-218.24,672.57,-0.009855334258948764,-0.04191571587903632,2.545033593972524,0.5519895136563314
Plain-MAPPO,199,1776.1541392803192,218900,441.75,100.0,-151.47,593.22,-0.039430419293542705,-0.036066802528997265,1.4487076590044632,1.3074687235057354
Plain-MAPPO,200,1785.9817566871643,220000,384.33,100.0,-121.99,506.32,-0.03193971349133386,-0.03232042470739947,0.9766014319741063,1.4829799089994695
Plain-MAPPO,201,1795.0082414150238,221100,367.99,100.0,-104.61,472.6,-0.0266586787345457,-0.038477278418011136,1.497527637415462,1.2150724343955517
Plain-MAPPO,202,1803.5503759384155,222200,370.32,100.0,-123.75,494.07,-0.006776044766108195,-0.05086296998585264,1.6362444558180869,1.1899110128482182
Plain-MAPPO,203,1812.562747478485,223300,307.84,100.0,-0.44,308.28,-0.03560869561301337,-0.044035045637024775,1.0452629010865673,1.640957663456599
Plain-MAPPO,204,1821.2269434928894,224400,294.08,100.0,44.88,249.2,-0.03215627346394791,-0.039630794845935374,1.6089659825795226,1.0550062368209991
Plain-MAPPO,205,1830.2680065631866,225500,315.24,100.0,41.58,273.66,-0.014870380361874899,-0.05662330457319816,2.1209486938185163,0.8227340943283505
Plain-MAPPO,206,1840.2089500427246,226600,327.42,100.0,38.39,289.03,-0.03308588576813539,-0.044311378358138934,1.529031532195707,1.2057943766315777
Plain-MAPPO,207,1849.1078720092773,227700,323.47,100.0,57.2,266.27,-0.05070622157978101,-0.015530493006938033,2.3331479993131428,0.7022739888893234
Plain-MAPPO,208,1858.3631148338318,228800,379.52,100.0,-9.46,388.98,-0.011366670589066215,-0.03985985916935735,2.6106557465261884,0.5034435176704493
Plain-MAPPO,209,1867.1611926555634,229900,414.47,100.0,-16.17,430.64,-0.037202923739742905,-0.0399415178431405,2.025294085343679,1.0146160119523604
Plain-MAPPO,210,1876.213491678238,231000,405.57,100.0,-33.99,439.56,-0.02794488616442929,-0.035792213243742786,1.879846208418409,1.1226489684647984
Plain-MAPPO,211,1885.3136913776398,232100,374.33,100.0,17.05,357.28,-0.04903330426249239,-0.03276273452987274,1.1826845999393198,1.4110796484682295
Plain-MAPPO,212,1893.9951860904694,233200,432.09,100.0,-111.21,543.3,-0.006785517765416039,-0.05779532508717643,2.086892410698864,0.8527589521060387
Plain-MAPPO,213,1902.8946487903595,234300,464.95,100.0,-140.25,605.2,-0.04543104271094004,-0.047197639683468476,2.2455272641446857,0.8866557011173831
Plain-MAPPO,214,1912.1572532653809,235400,474.52,100.0,-212.41,686.93,-0.007127464153907365,-0.04638929685784711,2.6488015751043954,0.5824976807667149
Plain-MAPPO,215,1920.922173500061,236500,528.34,100.0,-234.85,763.19,-0.027275770230011806,-0.020990058831456635,2.1562991622421475,0.7134765831546651
Plain-MAPPO,216,1929.9694681167603,237600,474.99,100.0,-161.26,636.25,-0.027019900580247242,-0.03592233049372832,1.7791030315889254,1.1571137151784368
Plain-MAPPO,217,1939.2580711841583,238700,400.94,100.0,-127.82,528.76,-0.03972199217726787,-0.026842610858794715,1.363345941528678,1.2686787272493045
Plain-MAPPO,218,1948.09050989151,239800,400.69,100.0,-149.16,549.85,-0.024140847225983936,-0.04526040573707885,1.7908001384801335,1.0305343845652208
Plain-MAPPO,219,1957.4115860462189,240900,380.66,100.0,-104.06,484.72,-0.023280958567435544,-0.04245600651160607,1.2653071745816205,1.419870749115944
Plain-MAPPO,220,1966.0753226280212,242000,463.95,100.0,-228.14,692.09,-0.03337211741341485,-0.04216889954275555,2.3784593260950513,0.5543629704043269
Plain-MAPPO,221,1975.0368778705597,243100,481.64,100.0,-277.09,758.73,-0.028280382406794362,-0.049106388870212764,2.097817456556691,0.8561538941123419
Plain-MAPPO,222,1984.3532042503357,244200,429.5,100.0,-195.8,625.3,-0.050203136892782316,-0.03312182643761238,1.3199356228320136,1.4065820359521441
Plain-MAPPO,223,1993.4078302383423,245300,390.16,100.0,-99.44,489.6,-0.024443876205219164,-0.039492184684301414,1.8329051964812808,1.1259577357106738
Plain-MAPPO,224,2002.7140018939972,246400,327.01,100.0,-96.36,423.37,-0.034971105193512306,-0.03453441823108329,1.7707650164763133,1.2460301402542326
Plain-MAPPO,225,2011.697588443756,247500,309.12,100.0,-97.79,406.91,-0.03890246318446265,-0.03874922274715371,1.3988525689476066,1.4051707304186292
Plain-MAPPO,226,2020.8563423156738,248600,333.88,100.0,-86.79,420.67,-0.019553226936194632,-0.0446154301882618,1.724250893212027,1.1195904966443777
Plain-MAPPO,227,2029.765831232071,249700,309.98,100.0,-24.97,334.95,-0.013833020296361711,-0.054590744690762624,1.7051991898980405,1.118708091063632
Plain-MAPPO,228,2039.8169083595276,250800,357.76,100.0,-93.5,451.26,-0.009430103417899873,-0.0586230353348785,2.146139073703024,0.8238374257149795
Plain-MAPPO,229,2048.5831751823425,251900,295.15,100.0,-7.26,302.41,-0.0293489529673631,-0.04436118585161037,1.520163348565499,1.2043874048524432
Plain-MAPPO,230,2057.4128913879395,253000,300.11,100.0,66.33,233.78,-0.02510833616058032,-0.04164836824768119,1.9334943675332599,0.8954795033464001
Plain-MAPPO,231,2067.294842481613,254100,315.23,100.0,-4.18,319.41,-0.016532717272639275,-0.04846963638232814,1.8256702766650252,1.0485105237199202
Plain-MAPPO,232,2076.2878437042236,255200,370.37,100.0,-18.59,388.96,-0.037565555733939014,-0.04099745700498008,2.2039604605072074,0.6305992850619886
Plain-MAPPO,233,2085.270620584488,256300,396.0,100.0,-52.47,448.47,-0.032214985539515816,-0.04087349134756045,2.2638955497079425,0.9549615304503176
Plain-MAPPO,234,2095.123499393463,257400,415.04,100.0,-89.87,504.91,-0.03135488720403777,-0.05035536428396073,1.859845442386965,1.0859123364918761
Plain-MAPPO,235,2103.9006481170654,258500,400.13,100.0,-96.58,496.71,-0.020932417983810108,-0.05271539474940962,1.7677918796737988,1.2111859064963129
Plain-MAPPO,236,2113.197860956192,259600,406.24,100.0,-62.04,468.28,-0.017548677485643163,-0.050970431986368366,1.468255323668321,1.4178778578837712
Plain-MAPPO,237,2122.4256324768066,260700,369.4,100.0,-1.98,371.38,-0.035176342159199216,-0.04047650642072161,1.8761638588168554,1.0421839631679986
Plain-MAPPO,238,2131.227701663971,261800,409.63,100.0,4.84,404.79,-0.0295742755341861,-0.03876234623344822,1.784241345193651,1.0985183134261105
Plain-MAPPO,239,2140.0023913383484,262900,351.81,100.0,23.43,328.38,-0.015150596077243486,-0.06175980096062025,1.5462991926405165,1.3334859775172339
Plain-MAPPO,240,2149.198731660843,264000,368.64,100.0,-36.19,404.83,-0.045647587252056435,-0.02602134867467814,2.1052290917270713,0.9707309678196907
Plain-MAPPO,241,2158.6524720191956,265100,321.71,100.0,-11.11,332.82,-0.033193790871236056,-0.039072523456222065,1.4746464014881187,1.2803894869155354
Plain-MAPPO,242,2167.739333152771,266200,295.38,100.0,-24.75,320.13,-0.022979397210292518,-0.024624353197092812,1.9187859044306808,0.9016789690487914
Plain-MAPPO,243,2176.908812046051,267300,284.85,100.0,18.7,266.15,-0.039832927079664335,-0.033974008815776974,1.361406825689806,1.3449436765578058
Plain-MAPPO,244,2186.2148003578186,268400,268.01,100.0,78.98,189.03,-0.02006232076221042,-0.05374962919288211,1.1575109001197335,1.4724839259352949
Plain-MAPPO,245,2195.9880118370056,269500,273.26,100.0,32.67,240.59,-0.017411735529700916,-0.040980934993260436,1.3962172621654139,1.266590739807321
Plain-MAPPO,246,2205.039872646332,270600,285.83,100.0,9.57,276.26,-0.03948540008989059,-0.03970498115652137,1.6002558668454487,1.0558795053511858
Plain-MAPPO,247,2215.0212182998657,271700,247.32,100.0,-17.82,265.14,-0.03882004964786271,-0.029433277720171545,1.3445412977857307,1.0985717032518652
Plain-MAPPO,248,2224.17134308815,272800,272.0,100.0,-88.33,360.33,-0.02420771846340762,-0.04443736488206519,1.7585455702824726,1.1134453751146793
Plain-MAPPO,249,2233.088222026825,273900,258.41,100.0,-52.47,310.88,-0.02401799035982953,-0.04409724147990346,1.82978402181632,0.932563923092352
Plain-MAPPO,250,2241.993729352951,275000,266.59,100.0,-83.71,350.3,-0.026249079240692988,-0.036485185432765216,1.6694607411821683,0.8475245673002468
Plain-MAPPO,251,2251.3822708129883,276100,279.8,100.0,-24.86,304.66,-0.013862404092732403,-0.05660433549847868,1.9324335331459426,0.8764036919714676
Plain-MAPPO,252,2260.603893518448,277200,277.07,100.0,-63.14,340.21,-0.0403369405410356,-0.028138818943666086,1.6119922279483743,1.1308368899756007
Plain-MAPPO,253,2269.333790063858,278300,293.36,100.0,-112.2,405.56,-0.03294442026850043,-0.04761021046174897,1.814683608762506,1.0472861253139045
Plain-MAPPO,254,2278.466264486313,279400,299.46,100.0,-129.36,428.82,-0.04007537600894769,-0.03182503291302257,1.374129730173283,1.1087302282038662
Plain-MAPPO,255,2287.653482437134,280500,311.85,100.0,-184.69,496.54,-0.044129901488001146,-0.03909157418335477,2.092239444454511,0.6117340660550528
Plain-MAPPO,256,2297.065067052841,281600,333.23,100.0,-175.45,508.68,-0.02333119511604309,-0.04459824935636587,1.6068309444106288,1.1978095517390304
Plain-MAPPO,257,2306.149533033371,282700,360.99,100.0,-199.98,560.97,-0.02864753170352843,-0.04273432700170411,1.7235635717709858,0.793233553878963
Plain-MAPPO,258,2315.0686423778534,283800,368.33,100.0,-213.51,581.84,-0.02442702692415979,-0.04701668013715082,1.55177694455617,1.0030410904437304
Plain-MAPPO,259,2324.668288707733,284900,347.32,100.0,-197.67,544.99,-0.01595455827191472,-0.05362438323855814,1.7524369060993195,1.0375307661791642
Plain-MAPPO,260,2334.1218144893646,286000,338.09,100.0,-197.89,535.98,-0.033856474277045995,-0.03699816039039029,1.4139867287853525,1.183814187016752
Plain-MAPPO,261,2343.260759115219,287100,360.29,100.0,-188.43,548.72,-0.030878249918007188,-0.031242764089256525,2.045842921568288,0.7792336065839562
Plain-MAPPO,262,2352.3711178302765,288200,399.15,100.0,-220.22,619.37,-0.009469978795904253,-0.062159635540511876,2.217656440618965,0.7377443198218114
Plain-MAPPO,263,2361.7905943393707,289300,394.67,100.0,-157.19,551.86,-0.015058838684732715,-0.06459794487131552,1.7612550946262975,1.0665496357509658
Plain-MAPPO,264,2371.1684963703156,290400,379.58,100.0,-136.51,516.09,-0.03658467231111394,-0.029971983283758163,2.033362219731013,0.8060352864364783
Plain-MAPPO,265,2380.8617203235626,291500,340.89,100.0,-71.06,411.95,-0.0298645062042245,-0.05108911626868778,1.122994036361989,1.3688585522274177
Plain-MAPPO,266,2389.7027792930603,292600,318.14,100.0,-59.07,377.21,-0.0186372318615516,-0.047157379902071424,1.869422811186976,0.8046795309831699
Plain-MAPPO,267,2398.4307940006256,293700,310.41,100.0,32.78,277.63,-0.03332598848889271,-0.04064429914837496,1.9298470343152683,0.8623761592639817
Plain-MAPPO,268,2407.7441353797913,294800,338.59,100.0,26.95,311.64,-0.009247678849432204,-0.053175029862258166,1.788047042908147,1.1414013766787119
Plain-MAPPO,269,2416.531928062439,295900,370.23,100.0,-28.71,398.94,-0.04869318877657255,-0.028998639667406678,1.8777237182690039,0.6868579563581281
Plain-MAPPO,270,2425.768036365509,297000,430.8,100.0,-55.99,486.79,-0.03437209501862526,-0.043596234172582626,2.76696714758873,0.34539346733233994
Plain-MAPPO,271,2434.6528630256653,298100,393.96,100.0,-97.79,491.75,0.005191280092630122,-0.06791582175840934,2.1015521072679095,0.7571205028022329
Plain-MAPPO,272,2443.9291908740997,299200,400.65,100.0,-133.76,534.41,-0.014821252268221643,-0.04941076785326004,2.095132049587038,0.704929258260462
Plain-MAPPO,273,2452.666336297989,300300,405.26,100.0,-133.54,538.8,-0.026951531905473933,-0.04770692245155159,1.8533107282386885,0.9500464218565159
Plain-MAPPO,274,2462.1776597499847,301400,391.5,100.0,-93.61,485.11,-0.04091204665342553,-0.037067584505873837,1.110665378988617,1.496737447877725
Plain-MAPPO,275,2471.1106038093567,302500,376.59,100.0,-18.59,395.18,-0.029006991897606187,-0.04452393709733668,1.238873550810644,1.1182770805640354
Plain-MAPPO,276,2479.833156347275,303600,385.87,100.0,-53.9,439.77,-0.040515453865130745,-0.02197836484346125,1.9593292002876599,0.970567173169305
Plain-MAPPO,277,2488.789356946945,304700,414.88,100.0,-119.9,534.78,-0.01936569685737292,-0.041698716994788915,2.343155878285567,0.6381259327754378
Plain-MAPPO,278,2497.8118567466736,305800,399.06,100.0,-58.3,457.36,-0.008728208020329475,-0.0621756530729019,2.0797055980397596,0.8958208931403028
Plain-MAPPO,279,2506.613252401352,306900,363.81,100.0,-38.72,402.53,-0.01122583562715186,-0.06284494936052296,1.8981212961177032,0.8159054337172873
Plain-MAPPO,280,2515.6311843395233,308000,405.83,100.0,-85.03,490.86,-0.047609669731981635,-0.03269956291963657,2.448486026790407,0.4712544714825021
Plain-MAPPO,281,2524.4006230831146,309100,422.54,100.0,-143.99,566.53,-0.03102051109696428,-0.04865549277100298,2.338562543193499,0.675803215501623
Plain-MAPPO,282,2533.884258031845,310200,424.42,100.0,-169.84,594.26,-0.00709799946182304,-0.0581659128009859,2.1219706477390394,0.7933445176523592
Plain-MAPPO,283,2542.8221056461334,311300,478.05,100.0,-261.03,739.08,-0.0528084064523379,-0.03374541447394424,2.1172296214434834,0.7418653276852436
Plain-MAPPO,284,2552.2410316467285,312400,530.64,100.0,-367.4,898.04,-0.03880906477570534,-0.04465147775287429,2.5134177605311074,0.5663585557291905
Plain-MAPPO,285,2560.8604023456573,313500,532.36,100.0,-328.9,861.26,-0.04117152922683292,-0.04910564050078392,1.4849773520189855,0.9936191046403514
Plain-MAPPO,286,2569.6747765541077,314600,518.27,100.0,-274.34,792.61,-0.04150060462739526,-0.03388985008415249,2.0582253680460982,0.8891339208930731
Plain-MAPPO,287,2579.0765268802643,315700,526.22,100.0,-381.04,907.26,-0.006769214808526967,-0.06126970244157645,3.002285659313202,0.25766571471467614
Plain-MAPPO,288,2587.9756803512573,316800,534.49,100.0,-420.09,954.58,0.00020083598792552948,-0.07030442129406664,1.829371618727843,0.8817276677323712
Plain-MAPPO,289,2597.2750401496887,317900,477.92,100.0,-352.99,830.91,0.00878660629192988,-0.061032981094386846,1.5551799326721165,0.7687578476551507
Plain-MAPPO,290,2606.3411164283752,319000,451.7,100.0,-285.12,736.82,-0.025331074837595224,-0.05034209580238288,1.6703908758030996,1.0338658723566267
Plain-MAPPO,291,2615.3281013965607,320100,416.49,100.0,-180.84,597.33,-0.028799258689913485,-0.04172267092184888,0.9237920429247121,1.4965667215486367
Plain-MAPPO,292,2624.0705802440643,321200,400.78,100.0,-155.87,556.65,-0.010361622605058882,-0.05847443971369001,2.060873072180483,0.8816460333247151
Plain-MAPPO,293,2632.68857216835,322300,346.36,100.0,-67.1,413.46,-0.03984263389267855,-0.036449579690169126,1.6442148263255756,1.1301733209855027
Plain-MAPPO,294,2641.423970222473,323400,317.47,100.0,-128.04,445.51,-0.010435561849994378,-0.04316220974497911,2.201889426343971,0.8915478123558892
Plain-MAPPO,295,2651.181399822235,324500,313.12,100.0,-129.91,443.03,-0.026477209188871913,-0.047504961076709956,1.5515375463938754,1.128019169697331
Plain-MAPPO,296,2660.6274785995483,325600,282.24,100.0,-21.67,303.91,-0.032189817995660834,-0.04101744992658496,2.155941605179881,0.8824526218490468
Plain-MAPPO,297,2669.2492604255676,326700,259.1,100.0,23.98,235.12,-0.0044526780645052595,-0.0634416335572799,1.5146199520159926,0.973837243910465
Plain-MAPPO,298,2678.4376487731934,327800,239.73,100.0,68.97,170.76,-0.03302520422342544,-0.03833551477226946,1.5245369060171976,1.1143854937205713
Plain-MAPPO,299,2687.4464898109436,328900,241.84,100.0,37.95,203.89,-0.03731150810037636,-0.03110910165641043,1.5257810724174812,1.1449180121223133
Plain-MAPPO,300,2696.5660812854767,330000,308.18,100.0,-86.57,394.75,-0.02364787097192473,-0.031969509139243096,2.4718318242165775,0.3940161368292239
Plain-MAPPO,301,2706.0074656009674,331100,321.11,100.0,-120.45,441.56,-0.044996520400875144,-0.025170806252087157,2.0486084901624255,0.6249458704971604
Plain-MAPPO,302,2715.283843278885,332200,349.27,100.0,-218.46,567.73,-0.007188317986826102,-0.06213347052430941,1.7769202788670857,0.9413979003826777
Plain-MAPPO,303,2724.7454736232758,333300,339.0,100.0,-121.0,460.0,-0.011683544144034386,-0.06746254589719076,1.3182084717684321,1.3090062083469496
Plain-MAPPO,304,2733.8296868801117,334400,381.19,100.0,-135.41,516.6,-0.008213052215675512,-0.05971571277930505,1.9818819348907306,0.7775194226350222
Plain-MAPPO,305,2742.8007214069366,335500,339.22,100.0,-68.53,407.75,-0.037324597800357476,-0.03460952887932459,1.425689019806062,1.3193624766233067
Plain-MAPPO,306,2751.733090400696,336600,336.66,100.0,-97.46,434.12,-0.044174290262162685,-0.037377429705682315,1.6580315911107593,1.2053980476533372
Plain-MAPPO,307,2761.2175455093384,337700,350.69,100.0,-153.45,504.14,-0.0012058471588210927,-0.06558795749313301,1.929733559799691,0.7947337117253078
Plain-MAPPO,308,2770.1198496818542,338800,358.05,100.0,-121.0,479.05,-0.017363831840662494,-0.056264301037622824,1.6093765473019124,1.2047376747553546
Plain-MAPPO,309,2779.2627034187317,339900,341.61,100.0,-68.64,410.25,-0.018872448553641636,-0.04502591739098231,1.7802328030682273,0.7201280218238632
Plain-MAPPO,310,2788.9475140571594,341000,337.73,100.0,-60.17,397.9,-0.030704298263622656,-0.04380986818836795,2.099478170275688,0.7434222399671044
Plain-MAPPO,311,2798.242038488388,342100,317.49,100.0,3.74,313.75,-0.013418813546498617,-0.04983373358845711,1.6072913031093776,0.748318217591279
Plain-MAPPO,312,2807.0053424835205,343200,357.14,100.0,-88.77,445.91,-0.033408397601710424,-0.03436065775652727,2.017778545514577,0.7457016110420227
Plain-MAPPO,313,2816.506842136383,344300,325.27,100.0,-121.77,447.04,-0.03546000682076232,-0.035829870185504355,1.7956291367817256,1.0376917254697118
Plain-MAPPO,314,2825.697726249695,345400,328.95,100.0,-109.01,437.96,-0.03697291327019533,-0.043074915289051004,1.3367899144585762,1.190662796402143
Plain-MAPPO,315,2834.3867449760437,346500,313.55,100.0,7.48,306.07,-0.03115106715510289,-0.044933389147950545,1.3434641398748175,1.3432100187573168
Plain-MAPPO,316,2843.7702734470367,347600,292.42,100.0,74.58,217.84,-0.041352324187755585,-0.03651166200223896,1.4295563341842756,1.0580427824623055
Plain-MAPPO,317,2852.742328643799,348700,333.99,100.0,-49.5,383.49,-0.021231488867973287,-0.050026999320834875,2.1577264045675597,0.48603112198826337
Plain-MAPPO,318,2862.1278009414673,349800,331.27,100.0,-80.52,411.79,-0.00937706645992067,-0.04587053903378546,2.0924785993993282,0.7737827870166964
Plain-MAPPO,319,2871.2679271698,350900,252.95,100.0,-26.84,279.79,-0.030664078270395596,-0.045657592825591564,0.9870313819911745,1.356657601065106
Plain-MAPPO,320,2880.3010630607605,352000,230.19,100.0,45.43,184.76,-0.035560265752590366,-0.054177933217336736,1.308972603848411,1.2157963472935889
Plain-MAPPO,321,2888.897953271866,353100,236.31,100.0,49.94,186.37,-0.02368373961912261,-0.049758841594060264,1.8594120004110866,0.8401978054704765
Plain-MAPPO,322,2898.324427127838,354200,263.12,100.0,62.59,200.53,-0.01904778006590075,-0.055238722920573004,2.101423157585992,0.8362817193071047
Plain-MAPPO,323,2907.19508600235,355300,296.67,100.0,-62.81,359.48,-0.04049482041349014,-0.02489198907278478,2.6559339008397527,0.3913109760421018
Plain-MAPPO,324,2915.7582008838654,356400,371.14,100.0,-236.17,607.31,-0.02530362167292171,-0.03539112932048738,2.519920567671458,0.5282607893976901
Plain-MAPPO,325,2924.5456128120422,357500,364.54,100.0,-293.04,657.58,-0.047787895529634423,-0.03125154573677315,2.1986743627736964,0.7919845319249563
Plain-MAPPO,326,2933.497852563858,358600,357.42,100.0,-202.95,560.37,-0.032797227872328624,-0.051353658672370434,1.368563149124384,1.2416944267331727
Plain-MAPPO,327,2943.5239181518555,359700,332.61,100.0,-170.5,503.11,-0.01769877560178025,-0.06272791110677645,1.9337646801076416,0.9011406682224737
Plain-MAPPO,328,2952.873388528824,360800,336.79,100.0,-183.92,520.71,-0.033625680953264236,-0.031234487373795774,1.5979537377522017,0.9242237599359618
Plain-MAPPO,329,2962.2475349903107,361900,386.77,100.0,-252.34,639.11,-0.023961782921105623,-0.04519154876470566,1.7027630135416985,0.6732758419174287
Plain-MAPPO,330,2971.2009313106537,363000,380.55,100.0,-256.63,637.18,-0.027528350241482258,-0.05229705458299981,1.5121296884285078,1.0202615712251928
Plain-MAPPO,331,2980.487467288971,364100,350.74,100.0,-254.65,605.39,-0.03868696905879511,-0.04277920338144112,1.8396269132693608,0.9714516299880214
Plain-MAPPO,332,2989.1516048908234,365200,382.86,100.0,-244.75,627.61,0.001073908888631397,-0.050442866877549224,1.9331804853346612,0.4760275801591989
Plain-MAPPO,333,2998.119862318039,366300,326.06,100.0,-116.27,442.33,-0.03589633624586794,-0.029944604055749044,0.8358914115621398,1.2615663616193666
Plain-MAPPO,334,3006.7923650741577,367400,374.78,100.0,-77.77,452.55,-0.023664473038580682,-0.03745142028977474,1.7090276003711753,0.48475227582578856
Plain-MAPPO,335,3015.6232566833496,368500,381.37,100.0,-119.57,500.94,0.002006326388153765,-0.06100803603314691,1.8431998247073755,0.7452843096107244
Plain-MAPPO,336,3024.728575229645,369600,407.61,100.0,-99.99,507.6,-0.017115437994814582,-0.053642877688010536,1.8007258317536778,0.6925566048464842
Plain-MAPPO,337,3034.12362575531,370700,493.16,100.0,-174.02,667.18,-0.023579859278268285,-0.048358729316128626,2.1631721589300366,0.5087095298804343
Plain-MAPPO,338,3043.410612821579,371800,461.19,100.0,-139.59,600.78,-0.03035195316705439,-0.045374631209092006,1.489454649699231,1.0466996889250975
Plain-MAPPO,339,3052.422376394272,372900,495.32,100.0,-148.28,643.6,-0.008214618803726302,-0.0564046961048411,1.986208327114582,0.5534368943836954
Plain-MAPPO,340,3061.3448724746704,374000,535.79,100.0,-214.72,750.51,-0.012380768700192371,-0.05274091174619065,2.180201660427782,0.5038757947170072
Plain-MAPPO,341,3071.787189722061,375100,492.98,100.0,-184.14,677.12,-0.018836538190953434,-0.04841244246603714,1.3986697917700641,1.019150698143575
Plain-MAPPO,342,3081.179505109787,376200,520.21,100.0,-207.02,727.23,-0.0266988862098919,-0.05458905899690257,1.4754713244943156,1.1328495151052873
Plain-MAPPO,343,3089.9679663181305,377300,488.9,100.0,-243.54,732.44,-0.031017220216906734,-0.04934165481891897,2.09463213218583,0.7300314000911183
Plain-MAPPO,344,3098.978008031845,378400,465.94,100.0,-206.36,672.3,-0.02184976999544435,-0.05805032255334987,1.742393686901778,0.9927882963481048
Plain-MAPPO,345,3107.6846244335175,379500,474.68,100.0,-226.05,700.73,0.01057937295990996,-0.06701254021997254,2.0450777877122164,0.6478789055771712
Plain-MAPPO,346,3116.895905017853,380600,414.32,100.0,-149.49,563.81,-0.03640537791781955,-0.04355992707941267,0.8562426407200595,1.3838357490797837
Plain-MAPPO,347,3125.788247823715,381700,411.22,100.0,-169.07,580.29,-0.03958085153458847,-0.03520643079860343,2.0765891334352395,0.9151367395598855
Plain-MAPPO,348,3134.624788045883,382800,384.47,100.0,-144.43,528.9,-0.008157629209260145,-0.07721980392105049,1.9091057708072994,0.9108133290687369
Plain-MAPPO,349,3143.6060769557953,383900,376.07,100.0,-118.91,494.98,-0.03398386606325706,-0.037736262608733445,1.9939684395988782,0.7534826950997942
Plain-MAPPO,350,3152.1583065986633,385000,388.15,100.0,-105.82,493.97,0.0033071513494683635,-0.08385186259531313,2.2421239556537733,0.5884000782647895
Plain-MAPPO,351,3160.866665124893,386100,370.15,100.0,-119.02,489.17,-0.021600045832908817,-0.05111601154526903,1.3630680379509512,1.2454863637168374
Plain-MAPPO,352,3169.5466504096985,387200,330.66,100.0,-44.88,375.54,-0.024607935092515416,-0.05693252772713701,1.0802827916211553,1.1058728891528316
Plain-MAPPO,353,3178.5518748760223,388300,307.96,100.0,27.72,280.24,-0.017302646715607908,-0.0623325287985305,1.373930717119947,0.9950798060227599
Plain-MAPPO,354,3187.2649142742157,389400,297.43,100.0,-12.87,310.3,-0.008857474041481813,-0.05389015097171068,2.2743185096316867,0.6416958934213552
Plain-MAPPO,355,3196.2541165351868,390500,287.73,100.0,12.32,275.41,-0.04046854770017995,-0.03600086230370733,1.3572256248703018,1.4559054522671633
Plain-MAPPO,356,3205.6736149787903,391600,325.3,100.0,-46.97,372.27,-0.02206622512312606,-0.0400006217468116,2.3464188095596104,0.6006014940018455
Plain-MAPPO,357,3214.426950931549,392700,331.7,100.0,-37.51,369.21,-0.03992869301388661,-0.03992964689516359,2.1460586239894233,0.9146349140339427
Plain-MAPPO,358,3223.6953735351562,393800,313.06,100.0,-8.91,321.97,-0.01818949448513902,-0.07097466724614303,1.7031953599459182,1.0137854343176715
Plain-MAPPO,359,3233.0838577747345,394900,284.46,100.0,29.04,255.42,0.011590726673603058,-0.07337725886868106,1.954281644585232,0.7194696168622209
Plain-MAPPO,360,3241.924379825592,396000,298.37,100.0,-26.62,324.99,-0.014399475935432646,-0.05765973993887504,1.5041428102801244,1.1305162941830025
Plain-MAPPO,361,3250.808613061905,397100,346.71,100.0,-61.93,408.64,-0.03499880381342438,-0.036977019988828234,2.0402081249695687,0.5895369050817357
Plain-MAPPO,362,3259.6344928741455,398200,340.95,100.0,-79.53,420.48,-0.033388501705808774,-0.05106482045569768,1.638063398293323,1.0932158862964974
Plain-MAPPO,363,3268.508547067642,399300,326.59,100.0,-54.12,380.71,-0.010193162494235568,-0.06803875747654173,1.5679469184639554,1.2191875992963712
Plain-MAPPO,364,3277.849090576172,400400,404.6,100.0,-171.71,576.31,-0.029491389377249613,-0.05346507258299324,1.718516417261627,0.7583891157474782
Plain-MAPPO,365,3286.9115533828735,401500,357.04,100.0,-134.97,492.01,-0.025431578477663506,-0.061574707842535444,1.6520606035159693,1.053607376292348
Plain-MAPPO,366,3295.5392022132874,402600,380.08,100.0,-122.54,502.62,-0.01535447769694858,-0.05136061387343539,1.8812731520997152,0.6901804816702174
Plain-MAPPO,367,3304.193821668625,403700,346.63,100.0,-65.34,411.97,-0.042584828204578824,-0.04924842735959424,1.7627209989198793,1.0587546489615407
Plain-MAPPO,368,3313.7775790691376,404800,336.18,100.0,-35.31,371.49,-0.04060451520813836,-0.04250597276000513,1.9005078284276857,0.950528803979978
Plain-MAPPO,369,3322.6431431770325,405900,344.51,100.0,-41.8,386.31,-0.02423636858455009,-0.043729832085470356,1.4000989295697461,1.2547413056405883
Plain-MAPPO,370,3331.682029247284,407000,261.0,100.0,98.12,162.88,-0.04904923174116346,-0.033799787155456014,1.0654658910611436,1.6683354684048228
Plain-MAPPO,371,3340.636650085449,408100,282.38,100.0,78.21,204.17,-0.015866376976999972,-0.06445113704022434,1.6911989193823602,0.8524598196511053
Plain-MAPPO,372,3349.6086950302124,409200,312.99,100.0,35.53,277.46,0.003540764821486341,-0.07309363202916251,2.458787268234624,0.546026186655379
Plain-MAPPO,373,3358.8191690444946,410300,294.77,100.0,20.9,273.87,-0.03761859403716193,-0.037752063737975225,2.1050732284784317,0.8575848699029949
Plain-MAPPO,374,3368.0369856357574,411400,328.9,100.0,-22.11,351.01,-0.012543727229866717,-0.057767408744742475,2.481968170238866,0.5435827255973386
Plain-MAPPO,375,3376.6753866672516,412500,319.33,100.0,-22.44,341.77,-0.0363967959355149,-0.03693674308144384,1.6614678626259167,0.8013979060989287
Plain-MAPPO,376,3385.782841205597,413600,332.73,100.0,-95.15,427.88,-0.025314027909189463,-0.040871490413943924,1.73927697347891,1.0242762825865712
Plain-MAPPO,377,3394.292591571808,414700,310.91,100.0,-126.17,437.08,-0.03348823243545161,-0.04350718905010985,1.6557387401505064,1.2095592475185792
Plain-MAPPO,378,3403.4185667037964,415800,300.68,100.0,-40.92,341.6,-0.02408451669745975,-0.061223567153016724,1.0710425209512726,1.4147531095271308
Plain-MAPPO,379,3412.0220589637756,416900,362.75,100.0,-189.64,552.39,-0.03553132490358419,-0.043447712539798684,1.6630093848798424,0.8839152346675595
Plain-MAPPO,380,3421.402611017227,418000,313.95,100.0,-126.17,440.12,-0.029188105267369084,-0.042651435864778854,1.402224433556613,1.2998340187801256
Plain-MAPPO,381,3431.475159406662,419100,296.68,100.0,-123.97,420.65,0.0002563834811250369,-0.06199805045293437,1.9062995070384607,0.6635404308326542
Plain-MAPPO,382,3441.6321182250977,420200,296.32,100.0,-63.69,360.01,-0.04298856854438782,-0.04304512010033553,1.4320108781685121,1.1037816202992365
Plain-MAPPO,383,3450.347356081009,421300,262.13,100.0,20.68,241.45,-0.01833057553610868,-0.03960724835956676,0.940524411542962,1.4189633582201269
Plain-MAPPO,384,3459.003809928894,422400,284.65,100.0,-25.08,309.73,-0.00673624686896801,-0.06196583000322183,1.8540430863698323,0.4600543083830012
Plain-MAPPO,385,3468.693227291107,423500,307.07,100.0,-44.0,351.07,0.002872185781598091,-0.0841867182817724,2.0817779534392886,0.7192896898939378
Plain-MAPPO,386,3477.3383452892303,424600,338.18,100.0,-83.82,422.0,-0.039073463839789234,-0.04339878923363156,1.8592363393141165,0.715229805972841
Plain-MAPPO,387,3486.260514974594,425700,382.07,100.0,-196.79,578.86,-0.007532100969304641,-0.05425211518175072,2.4940948660175004,0.3750428635523551
Plain-MAPPO,388,3495.611087322235,426800,370.19,100.0,-241.01,611.2,-0.0069005298686938155,-0.08069279696792364,1.7123659348322287,0.9866609770494202
Plain-MAPPO,389,3504.833386659622,427900,438.09,100.0,-333.74,771.83,-0.005725846418903934,-0.06440368576699661,2.062934295998679,0.5931262669877874
Plain-MAPPO,390,3513.808935880661,429000,444.96,100.0,-281.38,726.34,-0.0018521902254886096,-0.056743018329143524,2.0942989223533206,0.5797270665255686
Plain-MAPPO,391,3522.566519498825,430100,486.27,100.0,-336.82,823.09,-0.0060087650652147,-0.06484125906394587,1.4594607547753387,0.734748100861907
Plain-MAPPO,392,3531.2526710033417,431200,490.66,100.0,-354.31,844.97,-0.045941714404357806,-0.03472762927412987,1.5909795191966825,1.1018879714732368
Plain-MAPPO,393,3540.365788459778,432300,442.03,100.0,-295.79,737.82,-0.01694281339748866,-0.05516446960003426,1.5931153133925464,1.0097144759881
Plain-MAPPO,394,3549.6319766044617,433400,474.61,100.0,-282.04,756.65,-0.04635632565865914,-0.037968274826804795,2.187646620803409,0.5469054431240592
Plain-MAPPO,395,3558.2454319000244,434500,472.8,100.0,-247.06,719.86,-0.02546126726600859,-0.055355015935169324,1.810757252905104,0.8190859927692347
Plain-MAPPO,396,3567.371318101883,435600,448.04,100.0,-176.66,624.7,-0.035604372219596475,-0.0381122883150561,1.2498857486061752,1.2436534468498495
Plain-MAPPO,397,3576.3843898773193,436700,496.31,100.0,-144.65,640.96,-0.009321319666923955,-0.06559488674004872,2.345093439436621,0.6062381604375938
Plain-MAPPO,398,3585.4052844047546,437800,495.11,100.0,-116.82,611.93,-0.0041757803151590955,-0.06154545727703306,2.001123077546557,0.7207000765225126
Plain-MAPPO,399,3594.059651374817,438900,508.04,100.0,-164.01,672.05,-0.032745553077095084,-0.04128351993858814,2.3904457522763147,0.344757253718045
Plain-MAPPO,400,3602.9298174381256,440000,457.72,100.0,-118.47,576.19,-0.034802801286180816,-0.04490892136366003,1.9187048524618149,0.8919615952505006
