panel_key,panel_title,parameter_name,parameter_label,scenario,parameter_value,horizon,discounted_cumulative_defender_utility,discounted_cumulative_attacker_utility,undiscounted_cumulative_defender_utility,mean_attack_probability,terminal_public_belief_mean
prior_theta1_scenario_a,初始公共信念 p1（场景 A）,prior_theta1,初始公共信念 p1,scenario_a,0.56,1,-2.931111111111114,0.3200000000000012,-2.931111111111114,0.8655555555555556,0.56000044
prior_theta1_scenario_a,初始公共信念 p1（场景 A）,prior_theta1,初始公共信念 p1,scenario_a,0.56,2,-5.42255555555556,0.5920000000000021,-5.862222222222226,0.8655555555555556,0.56000044
prior_theta1_scenario_a,初始公共信念 p1（场景 A）,prior_theta1,初始公共信念 p1,scenario_a,0.56,3,-7.540283333333337,0.823200000000002,-8.793333333333338,0.8655555555555555,0.56000044
prior_theta1_scenario_a,初始公共信念 p1（场景 A）,prior_theta1,初始公共信念 p1,scenario_a,0.56,4,-9.34035194444445,1.019720000000003,-11.724444444444453,0.8655555555555556,0.56000044
prior_theta1_scenario_a,初始公共信念 p1（场景 A）,prior_theta1,初始公共信念 p1,scenario_a,0.56,5,-10.870410263888894,1.1867620000000036,-14.655555555555564,0.8655555555555555,0.56000044
prior_theta1_scenario_a,初始公共信念 p1（场景 A）,prior_theta1,初始公共信念 p1,scenario_a,0.56,6,-12.170959835416674,1.328747700000004,-17.586666666666677,0.8655555555555555,0.56000044
prior_theta1_scenario_a,初始公共信念 p1（场景 A）,prior_theta1,初始公共信念 p1,scenario_a,0.56,7,-13.276426971215287,1.4494355450000045,-20.51777777777779,0.8655555555555556,0.56000044
prior_theta1_scenario_a,初始公共信念 p1（场景 A）,prior_theta1,初始公共信念 p1,scenario_a,0.56,8,-14.21607403664411,1.552020213250005,-23.448888888888906,0.8655555555555556,0.56000044
prior_theta1_scenario_a,初始公共信念 p1（场景 A）,prior_theta1,初始公共信念 p1,scenario_a,0.56,9,-15.014774042258606,1.6392171812625054,-26.380000000000017,0.8655555555555556,0.56000044
prior_theta1_scenario_a,初始公共信念 p1（场景 A）,prior_theta1,初始公共信念 p1,scenario_a,0.56,10,-15.693669047030928,1.7133346040731303,-29.31111111111113,0.8655555555555556,0.56000044
prior_theta1_scenario_a,初始公共信念 p1（场景 A）,prior_theta1,初始公共信念 p1,scenario_a,0.56,11,-16.270729801087406,1.776334413462162,-32.242222222222246,0.8655555555555557,0.56000044
prior_theta1_scenario_a,初始公共信念 p1（场景 A）,prior_theta1,初始公共信念 p1,scenario_a,0.56,12,-16.76123144203541,1.8298842514428386,-35.17333333333336,0.8655555555555557,0.56000044
prior_theta1_scenario_a,初始公共信念 p1（场景 A）,prior_theta1,初始公共信念 p1,scenario_a,0.56,13,-17.178157836841212,1.875401613726414,-38.10444444444448,0.8655555555555557,0.56000044
prior_theta1_scenario_a,初始公共信念 p1（场景 A）,prior_theta1,初始公共信念 p1,scenario_a,0.56,14,-17.53254527242614,1.914091371667454,-41.03555555555559,0.8655555555555557,0.56000044
prior_theta1_scenario_a,初始公共信念 p1（场景 A）,prior_theta1,初始公共信念 p1,scenario_a,0.56,15,-17.83377459267333,1.946977665917337,-43.966666666666704,0.8655555555555557,0.56000044
prior_theta1_scenario_a,初始公共信念 p1（场景 A）,prior_theta1,初始公共信念 p1,scenario_a,0.65,1,-4.786111111111113,2.3000000000000003,-4.786111111111113,0.8930555555555557,0.6500003500000001
prior_theta1_scenario_a,初始公共信念 p1（场景 A）,prior_theta1,初始公共信念 p1,scenario_a,0.65,2,-8.854305555555559,4.255000000000001,-9.572222222222226,0.8930555555555556,0.6500003500000001
prior_theta1_scenario_a,初始公共信念 p1（场景 A）,prior_theta1,初始公共信念 p1,scenario_a,0.65,3,-12.312270833333336,5.91675,-14.358333333333336,0.8930555555555556,0.6500003500000001
prior_theta1_scenario_a,初始公共信念 p1（场景 A）,prior_theta1,初始公共信念 p1,scenario_a,0.65,4,-15.25154131944445,7.329237500000001,-19.144444444444453,0.8930555555555556,0.6500003500000001
prior_theta1_scenario_a,初始公共信念 p1（场景 A）,prior_theta1,初始公共信念 p1,scenario_a,0.65,5,-17.74992123263889,8.529851875000002,-23.930555555555557,0.8930555555555555,0.6500003500000001
prior_theta1_scenario_a,初始公共信念 p1（场景 A）,prior_theta1,初始公共信念 p1,scenario_a,0.65,6,-19.87354415885417,9.550374093750001,-28.71666666666667,0.8930555555555556,0.6500003500000001
prior_theta1_scenario_a,初始公共信念 p1（场景 A）,prior_theta1,初始公共信念 p1,scenario_a,0.65,7,-21.67862364613716,10.417817979687502,-33.50277777777779,0.8930555555555556,0.6500003500000001
prior_theta1_scenario_a,初始公共信念 p1（场景 A）,prior_theta1,初始公共信念 p1,scenario_a,0.65,8,-23.212941210327692,11.155145282734377,-38.2888888888889,0.8930555555555557,0.6500003500000001
prior_theta1_scenario_a,初始公共信念 p1（场景 A）,prior_theta1,初始公共信念 p1,scenario_a,0.65,9,-24.517111139889654,11.781873490324221,-43.07500000000001,0.8930555555555557,0.6500003500000001
prior_theta1_scenario_a,初始公共信念 p1（场景 A）,prior_theta1,初始公共信念 p1,scenario_a,0.65,10,-25.625655580017312,12.314592466775588,-47.86111111111112,0.8930555555555557,0.6500003500000001
prior_theta1_scenario_a,初始公共信念 p1（场景 A）,prior_theta1,初始公共信念 p1,scenario_a,0.65,11,-26.56791835412583,12.76740359675925,-52.64722222222223,0.8930555555555557,0.6500003500000001
prior_theta1_scenario_a,初始公共信念 p1（场景 A）,prior_theta1,初始公共信念 p1,scenario_a,0.65,12,-27.36884171211807,13.152293057245362,-57.433333333333344,0.8930555555555557,0.6500003500000001
prior_theta1_scenario_a,初始公共信念 p1（场景 A）,prior_theta1,初始公共信念 p1,scenario_a,0.65,13,-28.049626566411472,13.479449098658558,-62.219444444444456,0.8930555555555557,0.6500003500000001
prior_theta1_scenario_a,初始公共信念 p1（场景 A）,prior_theta1,初始公共信念 p1,scenario_a,0.65,14,-28.628293692560856,13.757531733859773,-67.00555555555557,0.8930555555555557,0.6500003500000001
prior_theta1_scenario_a,初始公共信念 p1（场景 A）,prior_theta1,初始公共信念 p1,scenario_a,0.65,15,-29.120160749787836,13.993901973780808,-71.79166666666669,0.8930555555555557,0.6500003500000001
prior_theta1_scenario_a,初始公共信念 p1（场景 A）,prior_theta1,初始公共信念 p1,scenario_a,0.74,1,-6.641111111111114,4.279999999999999,-6.641111111111114,0.9205555555555557,0.7400002600000001
prior_theta1_scenario_a,初始公共信念 p1（场景 A）,prior_theta1,初始公共信念 p1,scenario_a,0.74,2,-12.286055555555558,7.917999999999999,-13.282222222222225,0.9205555555555557,0.7400002600000001
prior_theta1_scenario_a,初始公共信念 p1（场景 A）,prior_theta1,初始公共信念 p1,scenario_a,0.74,3,-17.084258333333334,11.010299999999999,-19.923333333333336,0.9205555555555556,0.7400002600000001
prior_theta1_scenario_a,初始公共信念 p1（场景 A）,prior_theta1,初始公共信念 p1,scenario_a,0.74,4,-21.16273069444445,13.638754999999998,-26.564444444444447,0.9205555555555556,0.7400002600000001
prior_theta1_scenario_a,初始公共信念 p1（场景 A）,prior_theta1,初始公共信念 p1,scenario_a,0.74,5,-24.629432201388887,15.872941749999999,-33.205555555555556,0.9205555555555556,0.7400002600000001
prior_theta1_scenario_a,初始公共信念 p1（场景 A）,prior_theta1,初始公共信念 p1,scenario_a,0.74,6,-27.576128482291672,17.772000487499998,-39.84666666666668,0.9205555555555556,0.7400002600000001
prior_theta1_scenario_a,初始公共信念 p1（场景 A）,prior_theta1,初始公共信念 p1,scenario_a,0.74,7,-30.08082032105903,19.386200414374997,-46.487777777777794,0.9205555555555556,0.7400002600000001
prior_theta1_scenario_a,初始公共信念 p1（场景 A）,prior_theta1,初始公共信念 p1,scenario_a,0.74,8,-32.20980838401129,20.758270352218748,-53.128888888888895,0.9205555555555556,0.7400002600000001
prior_theta1_scenario_a,初始公共信念 p1（场景 A）,prior_theta1,初始公共信念 p1,scenario_a,0.74,9,-34.019448237520706,21.924529799385937,-59.77000000000001,0.9205555555555556,0.7400002600000001
prior_theta1_scenario_a,初始公共信念 p1（场景 A）,prior_theta1,初始公共信念 p1,scenario_a,0.74,10,-35.55764211300371,22.915850329478047,-66.41111111111113,0.9205555555555558,0.7400002600000001
prior_theta1_scenario_a,初始公共信念 p1（场景 A）,prior_theta1,初始公共信念 p1,scenario_a,0.74,11,-36.86510690716426,23.75847278005634,-73.05222222222224,0.9205555555555556,0.7400002600000001
prior_theta1_scenario_a,初始公共信念 p1（场景 A）,prior_theta1,初始公共信念 p1,scenario_a,0.74,12,-37.976451982200736,24.47470186304789,-79.69333333333337,0.9205555555555557,0.7400002600000001
prior_theta1_scenario_a,初始公共信念 p1（场景 A）,prior_theta1,初始公共信念 p1,scenario_a,0.74,13,-38.92109529598173,25.08349658359071,-86.33444444444449,0.9205555555555556,0.7400002600000001
prior_theta1_scenario_a,初始公共信念 p1（场景 A）,prior_theta1,初始公共信念 p1,scenario_a,0.74,14,-39.72404211269558,25.600972096052104,-92.9755555555556,0.9205555555555556,0.7400002600000001
prior_theta1_scenario_a,初始公共信念 p1（场景 A）,prior_theta1,初始公共信念 p1,scenario_a,0.74,15,-40.406546906902356,26.04082628164429,-99.61666666666672,0.9205555555555556,0.7400002600000001
prior_theta1_scenario_a,初始公共信念 p1（场景 A）,prior_theta1,初始公共信念 p1,scenario_a,0.83,1,-8.496111111111112,6.259999999999998,-8.496111111111112,0.9480555555555555,0.8300001699999999
prior_theta1_scenario_a,初始公共信念 p1（场景 A）,prior_theta1,初始公共信念 p1,scenario_a,0.83,2,-15.717805555555556,11.580999999999996,-16.992222222222225,0.9480555555555557,0.83000017
prior_theta1_scenario_a,初始公共信念 p1（场景 A）,prior_theta1,初始公共信念 p1,scenario_a,0.83,3,-21.856245833333332,16.103849999999994,-25.488333333333337,0.9480555555555554,0.83000017
prior_theta1_scenario_a,初始公共信念 p1（场景 A）,prior_theta1,初始公共信念 p1,scenario_a,0.83,4,-27.073920069444444,19.94827249999999,-33.98444444444445,0.9480555555555557,0.83000017
prior_theta1_scenario_a,初始公共信念 p1（场景 A）,prior_theta1,初始公共信念 p1,scenario_a,0.83,5,-31.50894317013889,23.216031624999992,-42.48055555555556,0.9480555555555557,0.83000017
prior_theta1_scenario_a,初始公共信念 p1（场景 A）,prior_theta1,初始公共信念 p1,scenario_a,0.83,6,-35.278712805729164,25.99362688124999,-50.976666666666674,0.9480555555555554,0.83000017
prior_theta1_scenario_a,初始公共信念 p1（场景 A）,prior_theta1,初始公共信念 p1,scenario_a,0.83,7,-38.4830169959809,28.354582849062485,-59.472777777777786,0.9480555555555555,0.83000017
prior_theta1_scenario_a,初始公共信念 p1（场景 A）,prior_theta1,初始公共信念 p1,scenario_a,0.83,8,-41.20667555769488,30.36139542170311,-67.9688888888889,0.9480555555555555,0.83000017
prior_theta1_scenario_a,初始公共信念 p1（场景 A）,prior_theta1,初始公共信念 p1,scenario_a,0.83,9,-43.52178533515176,32.06718610844764,-76.465,0.9480555555555557,0.83000017
prior_theta1_scenario_a,初始公共信念 p1（场景 A）,prior_theta1,初始公共信念 p1,scenario_a,0.83,10,-45.48962864599011,33.51710819218049,-84.96111111111111,0.9480555555555557,0.83000017
prior_theta1_scenario_a,初始公共信念 p1（场景 A）,prior_theta1,初始公共信念 p1,scenario_a,0.83,11,-47.16229546020271,34.749541963353415,-93.45722222222221,0.9480555555555555,0.83000017
prior_theta1_scenario_a,初始公共信念 p1（场景 A）,prior_theta1,初始公共信念 p1,scenario_a,0.83,12,-48.58406225228341,35.797110668850394,-101.95333333333332,0.9480555555555555,0.83000017
prior_theta1_scenario_a,初始公共信念 p1（场景 A）,prior_theta1,初始公共信念 p1,scenario_a,0.83,13,-49.79256402555201,36.68754406852283,-110.44944444444442,0.9480555555555554,0.83000017
prior_theta1_scenario_a,初始公共信念 p1（场景 A）,prior_theta1,初始公共信念 p1,scenario_a,0.83,14,-50.81979053283031,37.4444124582444,-118.94555555555553,0.9480555555555554,0.83000017
prior_theta1_scenario_a,初始公共信念 p1（场景 A）,prior_theta1,初始公共信念 p1,scenario_a,0.83,15,-51.69293306401688,38.08775058950774,-127.44166666666663,0.9480555555555554,0.83000017
defender_loss_scenario_a,真实系统受攻击损失 l_d（场景 A）,defender_loss,真实系统受攻击损失 l_d,scenario_a,8.0,1,-3.546875000000001,2.3000000000000003,-3.546875000000001,0.8796875000000001,0.6500003500000001
defender_loss_scenario_a,真实系统受攻击损失 l_d（场景 A）,defender_loss,真实系统受攻击损失 l_d,scenario_a,8.0,2,-6.561718750000002,4.255000000000001,-7.093750000000002,0.8796875000000001,0.6500003500000001
defender_loss_scenario_a,真实系统受攻击损失 l_d（场景 A）,defender_loss,真实系统受攻击损失 l_d,scenario_a,8.0,3,-9.124335937500001,5.91675,-10.640625000000004,0.8796875000000001,0.6500003500000001
defender_loss_scenario_a,真实系统受攻击损失 l_d（场景 A）,defender_loss,真实系统受攻击损失 l_d,scenario_a,8.0,4,-11.302560546875002,7.3292375000000005,-14.187500000000004,0.8796875000000001,0.6500003500000001
defender_loss_scenario_a,真实系统受攻击损失 l_d（场景 A）,defender_loss,真实系统受攻击损失 l_d,scenario_a,8.0,5,-13.154051464843752,8.529851875,-17.734375000000004,0.8796875,0.6500003500000001
defender_loss_scenario_a,真实系统受攻击损失 l_d（场景 A）,defender_loss,真实系统受攻击损失 l_d,scenario_a,8.0,6,-14.72781874511719,9.550374093750001,-21.281250000000004,0.8796875000000001,0.6500003500000001
defender_loss_scenario_a,真实系统受攻击损失 l_d（场景 A）,defender_loss,真实系统受攻击损失 l_d,scenario_a,8.0,7,-16.065520933349614,10.417817979687502,-24.828125000000004,0.8796875000000001,0.6500003500000001
defender_loss_scenario_a,真实系统受攻击损失 l_d（场景 A）,defender_loss,真实系统受攻击损失 l_d,scenario_a,8.0,8,-17.20256779334717,11.155145282734377,-28.375000000000004,0.8796875000000001,0.6500003500000001
defender_loss_scenario_a,真实系统受攻击损失 l_d（场景 A）,defender_loss,真实系统受攻击损失 l_d,scenario_a,8.0,9,-18.169057624345097,11.781873490324221,-31.921875000000004,0.8796875000000001,0.6500003500000001
defender_loss_scenario_a,真实系统受攻击损失 l_d（场景 A）,defender_loss,真实系统受攻击损失 l_d,scenario_a,8.0,10,-18.990573980693334,12.314592466775588,-35.46875000000001,0.8796875,0.6500003500000001
defender_loss_scenario_a,真实系统受攻击损失 l_d（场景 A）,defender_loss,真实系统受攻击损失 l_d,scenario_a,8.0,11,-19.688862883589334,12.76740359675925,-39.01562500000001,0.8796875,0.6500003500000001
defender_loss_scenario_a,真实系统受攻击损失 l_d（场景 A）,defender_loss,真实系统受攻击损失 l_d,scenario_a,8.0,12,-20.282408451050934,13.152293057245362,-42.56250000000001,0.8796874999999998,0.6500003500000001
defender_loss_scenario_a,真实系统受攻击损失 l_d（场景 A）,defender_loss,真实系统受攻击损失 l_d,scenario_a,8.0,13,-20.786922183393294,13.479449098658558,-46.10937500000001,0.8796874999999998,0.6500003500000001
defender_loss_scenario_a,真实系统受攻击损失 l_d（场景 A）,defender_loss,真实系统受攻击损失 l_d,scenario_a,8.0,14,-21.2157588558843,13.757531733859773,-49.65625000000001,0.8796874999999998,0.6500003500000001
defender_loss_scenario_a,真实系统受攻击损失 l_d（场景 A）,defender_loss,真实系统受攻击损失 l_d,scenario_a,8.0,15,-21.580270027501655,13.993901973780806,-53.20312500000001,0.8796874999999997,0.6500003500000001
defender_loss_scenario_a,真实系统受攻击损失 l_d（场景 A）,defender_loss,真实系统受攻击损失 l_d,scenario_a,10.0,1,-4.786111111111113,2.3000000000000003,-4.786111111111113,0.8930555555555557,0.6500003500000001
defender_loss_scenario_a,真实系统受攻击损失 l_d（场景 A）,defender_loss,真实系统受攻击损失 l_d,scenario_a,10.0,2,-8.854305555555559,4.255000000000001,-9.572222222222226,0.8930555555555556,0.6500003500000001
defender_loss_scenario_a,真实系统受攻击损失 l_d（场景 A）,defender_loss,真实系统受攻击损失 l_d,scenario_a,10.0,3,-12.312270833333336,5.91675,-14.358333333333336,0.8930555555555556,0.6500003500000001
defender_loss_scenario_a,真实系统受攻击损失 l_d（场景 A）,defender_loss,真实系统受攻击损失 l_d,scenario_a,10.0,4,-15.25154131944445,7.329237500000001,-19.144444444444453,0.8930555555555556,0.6500003500000001
defender_loss_scenario_a,真实系统受攻击损失 l_d（场景 A）,defender_loss,真实系统受攻击损失 l_d,scenario_a,10.0,5,-17.74992123263889,8.529851875000002,-23.930555555555557,0.8930555555555555,0.6500003500000001
defender_loss_scenario_a,真实系统受攻击损失 l_d（场景 A）,defender_loss,真实系统受攻击损失 l_d,scenario_a,10.0,6,-19.87354415885417,9.550374093750001,-28.71666666666667,0.8930555555555556,0.6500003500000001
defender_loss_scenario_a,真实系统受攻击损失 l_d（场景 A）,defender_loss,真实系统受攻击损失 l_d,scenario_a,10.0,7,-21.67862364613716,10.417817979687502,-33.50277777777779,0.8930555555555556,0.6500003500000001
defender_loss_scenario_a,真实系统受攻击损失 l_d（场景 A）,defender_loss,真实系统受攻击损失 l_d,scenario_a,10.0,8,-23.212941210327692,11.155145282734377,-38.2888888888889,0.8930555555555557,0.6500003500000001
defender_loss_scenario_a,真实系统受攻击损失 l_d（场景 A）,defender_loss,真实系统受攻击损失 l_d,scenario_a,10.0,9,-24.517111139889654,11.781873490324221,-43.07500000000001,0.8930555555555557,0.6500003500000001
defender_loss_scenario_a,真实系统受攻击损失 l_d（场景 A）,defender_loss,真实系统受攻击损失 l_d,scenario_a,10.0,10,-25.625655580017312,12.314592466775588,-47.86111111111112,0.8930555555555557,0.6500003500000001
defender_loss_scenario_a,真实系统受攻击损失 l_d（场景 A）,defender_loss,真实系统受攻击损失 l_d,scenario_a,10.0,11,-26.56791835412583,12.76740359675925,-52.64722222222223,0.8930555555555557,0.6500003500000001
defender_loss_scenario_a,真实系统受攻击损失 l_d（场景 A）,defender_loss,真实系统受攻击损失 l_d,scenario_a,10.0,12,-27.36884171211807,13.152293057245362,-57.433333333333344,0.8930555555555557,0.6500003500000001
defender_loss_scenario_a,真实系统受攻击损失 l_d（场景 A）,defender_loss,真实系统受攻击损失 l_d,scenario_a,10.0,13,-28.049626566411472,13.479449098658558,-62.219444444444456,0.8930555555555557,0.6500003500000001
defender_loss_scenario_a,真实系统受攻击损失 l_d（场景 A）,defender_loss,真实系统受攻击损失 l_d,scenario_a,10.0,14,-28.628293692560856,13.757531733859773,-67.00555555555557,0.8930555555555557,0.6500003500000001
defender_loss_scenario_a,真实系统受攻击损失 l_d（场景 A）,defender_loss,真实系统受攻击损失 l_d,scenario_a,10.0,15,-29.120160749787836,13.993901973780808,-71.79166666666669,0.8930555555555557,0.6500003500000001
defender_loss_scenario_a,真实系统受攻击损失 l_d（场景 A）,defender_loss,真实系统受攻击损失 l_d,scenario_a,12.0,1,-6.037500000000001,2.3000000000000007,-6.037500000000001,0.90375,0.6500003500000001
defender_loss_scenario_a,真实系统受攻击损失 l_d（场景 A）,defender_loss,真实系统受攻击损失 l_d,scenario_a,12.0,2,-11.169375000000002,4.255000000000001,-12.075000000000003,0.90375,0.6500003500000001
defender_loss_scenario_a,真实系统受攻击损失 l_d（场景 A）,defender_loss,真实系统受攻击损失 l_d,scenario_a,12.0,3,-15.531468750000002,5.916750000000001,-18.112500000000004,0.90375,0.6500003500000001
defender_loss_scenario_a,真实系统受攻击损失 l_d（场景 A）,defender_loss,真实系统受攻击损失 l_d,scenario_a,12.0,4,-19.239248437500002,7.329237500000001,-24.150000000000006,0.90375,0.6500003500000001
defender_loss_scenario_a,真实系统受攻击损失 l_d（场景 A）,defender_loss,真实系统受攻击损失 l_d,scenario_a,12.0,5,-22.390861171875002,8.529851875000002,-30.187500000000007,0.9037500000000002,0.6500003500000001
defender_loss_scenario_a,真实系统受攻击损失 l_d（场景 A）,defender_loss,真实系统受攻击损失 l_d,scenario_a,12.0,6,-25.069731996093754,9.550374093750003,-36.22500000000001,0.9037500000000002,0.6500003500000001
defender_loss_scenario_a,真实系统受攻击损失 l_d（场景 A）,defender_loss,真实系统受攻击损失 l_d,scenario_a,12.0,7,-27.34677219667969,10.417817979687504,-42.26250000000001,0.9037500000000003,0.6500003500000001
defender_loss_scenario_a,真实系统受攻击损失 l_d（场景 A）,defender_loss,真实系统受攻击损失 l_d,scenario_a,12.0,8,-29.282256367177737,11.155145282734379,-48.30000000000001,0.9037500000000003,0.6500003500000001
defender_loss_scenario_a,真实系统受攻击损失 l_d（场景 A）,defender_loss,真实系统受攻击损失 l_d,scenario_a,12.0,9,-30.927417912101077,11.781873490324223,-54.33750000000001,0.9037500000000003,0.6500003500000001
defender_loss_scenario_a,真实系统受攻击损失 l_d（场景 A）,defender_loss,真实系统受攻击损失 l_d,scenario_a,12.0,10,-32.32580522528592,12.31459246677559,-60.375000000000014,0.9037500000000003,0.6500003500000001
defender_loss_scenario_a,真实系统受攻击损失 l_d（场景 A）,defender_loss,真实系统受攻击损失 l_d,scenario_a,12.0,11,-33.51443444149303,12.767403596759252,-66.41250000000002,0.9037500000000004,0.6500003500000001
defender_loss_scenario_a,真实系统受攻击损失 l_d（场景 A）,defender_loss,真实系统受攻击损失 l_d,scenario_a,12.0,12,-34.52476927526908,13.152293057245364,-72.45000000000002,0.9037500000000004,0.6500003500000001
defender_loss_scenario_a,真实系统受攻击损失 l_d（场景 A）,defender_loss,真实系统受攻击损失 l_d,scenario_a,12.0,13,-35.38355388397872,13.47944909865856,-78.48750000000001,0.9037500000000004,0.6500003500000001
defender_loss_scenario_a,真实系统受攻击损失 l_d（场景 A）,defender_loss,真实系统受攻击损失 l_d,scenario_a,12.0,14,-36.11352080138192,13.757531733859775,-84.525,0.9037500000000004,0.6500003500000001
defender_loss_scenario_a,真实系统受攻击损失 l_d（场景 A）,defender_loss,真实系统受攻击损失 l_d,scenario_a,12.0,15,-36.733992681174634,13.993901973780808,-90.5625,0.9037500000000004,0.6500003500000001
defender_loss_scenario_a,真实系统受攻击损失 l_d（场景 A）,defender_loss,真实系统受攻击损失 l_d,scenario_a,14.0,1,-7.297727272727274,2.3000000000000007,-7.297727272727274,0.9125,0.6500003500000001
defender_loss_scenario_a,真实系统受攻击损失 l_d（场景 A）,defender_loss,真实系统受攻击损失 l_d,scenario_a,14.0,2,-13.500795454545457,4.255000000000001,-14.595454545454547,0.9125,0.6500003500000001
defender_loss_scenario_a,真实系统受攻击损失 l_d（场景 A）,defender_loss,真实系统受攻击损失 l_d,scenario_a,14.0,3,-18.77340340909091,5.916750000000001,-21.893181818181823,0.9125,0.6500003500000001
defender_loss_scenario_a,真实系统受攻击损失 l_d（场景 A）,defender_loss,真实系统受攻击损失 l_d,scenario_a,14.0,4,-23.255120170454546,7.329237500000001,-29.190909090909095,0.9125,0.6500003500000001
defender_loss_scenario_a,真实系统受攻击损失 l_d（场景 A）,defender_loss,真实系统受攻击损失 l_d,scenario_a,14.0,5,-27.064579417613636,8.529851875000002,-36.48863636363637,0.9125,0.6500003500000001
defender_loss_scenario_a,真实系统受攻击损失 l_d（场景 A）,defender_loss,真实系统受攻击损失 l_d,scenario_a,14.0,6,-30.302619777698865,9.550374093750003,-43.78636363636364,0.9125,0.6500003500000001
defender_loss_scenario_a,真实系统受攻击损失 l_d（场景 A）,defender_loss,真实系统受攻击损失 l_d,scenario_a,14.0,7,-33.05495408377131,10.417817979687504,-51.08409090909091,0.9124999999999999,0.6500003500000001
defender_loss_scenario_a,真实系统受攻击损失 l_d（场景 A）,defender_loss,真实系统受攻击损失 l_d,scenario_a,14.0,8,-35.39443824393288,11.155145282734379,-58.38181818181818,0.9124999999999999,0.6500003500000001
defender_loss_scenario_a,真实系统受攻击损失 l_d（场景 A）,defender_loss,真实系统受攻击损失 l_d,scenario_a,14.0,9,-37.38299978007022,11.781873490324223,-65.67954545454546,0.9124999999999999,0.6500003500000001
defender_loss_scenario_a,真实系统受攻击损失 l_d（场景 A）,defender_loss,真实系统受攻击损失 l_d,scenario_a,14.0,10,-39.07327708578696,12.31459246677559,-72.97727272727273,0.9124999999999999,0.6500003500000001
defender_loss_scenario_a,真实系统受攻击损失 l_d（场景 A）,defender_loss,真实系统受攻击损失 l_d,scenario_a,14.0,11,-40.51001279564619,12.767403596759252,-80.275,0.9124999999999998,0.6500003500000001
defender_loss_scenario_a,真实系统受攻击损失 l_d（场景 A）,defender_loss,真实系统受攻击损失 l_d,scenario_a,14.0,12,-41.73123814902653,13.152293057245364,-87.57272727272728,0.9124999999999998,0.6500003500000001
defender_loss_scenario_a,真实系统受攻击损失 l_d（场景 A）,defender_loss,真实系统受攻击损失 l_d,scenario_a,14.0,13,-42.769279699399824,13.47944909865856,-94.87045454545455,0.9124999999999998,0.6500003500000001
defender_loss_scenario_a,真实系统受攻击损失 l_d（场景 A）,defender_loss,真实系统受攻击损失 l_d,scenario_a,14.0,14,-43.651615017217125,13.757531733859775,-102.16818181818182,0.9124999999999998,0.6500003500000001
defender_loss_scenario_a,真实系统受攻击损失 l_d（场景 A）,defender_loss,真实系统受攻击损失 l_d,scenario_a,14.0,15,-44.40160003736183,13.993901973780808,-109.4659090909091,0.9124999999999998,0.6500003500000001
c_theta1_scenario_a,真实系统伪装成本 c_theta1（场景 A）,c_theta1,真实系统伪装成本 c_theta1,scenario_a,1.5,1,-4.591666666666668,2.3000000000000007,-4.591666666666668,0.9358333333333333,0.6500003500000001
c_theta1_scenario_a,真实系统伪装成本 c_theta1（场景 A）,c_theta1,真实系统伪装成本 c_theta1,scenario_a,1.5,2,-8.494583333333335,4.255000000000001,-9.183333333333335,0.9358333333333333,0.6500003500000001
c_theta1_scenario_a,真实系统伪装成本 c_theta1（场景 A）,c_theta1,真实系统伪装成本 c_theta1,scenario_a,1.5,3,-11.812062500000001,5.916750000000001,-13.775000000000002,0.9358333333333334,0.6500003500000001
c_theta1_scenario_a,真实系统伪装成本 c_theta1（场景 A）,c_theta1,真实系统伪装成本 c_theta1,scenario_a,1.5,4,-14.631919791666668,7.329237500000001,-18.36666666666667,0.9358333333333333,0.6500003500000001
c_theta1_scenario_a,真实系统伪装成本 c_theta1（场景 A）,c_theta1,真实系统伪装成本 c_theta1,scenario_a,1.5,5,-17.028798489583334,8.529851875000002,-22.95833333333334,0.9358333333333333,0.6500003500000001
c_theta1_scenario_a,真实系统伪装成本 c_theta1（场景 A）,c_theta1,真实系统伪装成本 c_theta1,scenario_a,1.5,6,-19.0661453828125,9.550374093750003,-27.550000000000008,0.9358333333333332,0.6500003500000001
c_theta1_scenario_a,真实系统伪装成本 c_theta1（场景 A）,c_theta1,真实系统伪装成本 c_theta1,scenario_a,1.5,7,-20.797890242057292,10.417817979687504,-32.14166666666667,0.9358333333333332,0.6500003500000001
c_theta1_scenario_a,真实系统伪装成本 c_theta1（场景 A）,c_theta1,真实系统伪装成本 c_theta1,scenario_a,1.5,8,-22.269873372415365,11.155145282734379,-36.73333333333334,0.9358333333333332,0.6500003500000001
c_theta1_scenario_a,真实系统伪装成本 c_theta1（场景 A）,c_theta1,真实系统伪装成本 c_theta1,scenario_a,1.5,9,-23.52105903321973,11.781873490324223,-41.32500000000001,0.9358333333333333,0.6500003500000001
c_theta1_scenario_a,真实系统伪装成本 c_theta1（场景 A）,c_theta1,真实系统伪装成本 c_theta1,scenario_a,1.5,10,-24.584566844903435,12.31459246677559,-45.91666666666668,0.9358333333333333,0.6500003500000001
c_theta1_scenario_a,真实系统伪装成本 c_theta1（场景 A）,c_theta1,真实系统伪装成本 c_theta1,scenario_a,1.5,11,-25.488548484834585,12.767403596759252,-50.50833333333335,0.9358333333333332,0.6500003500000001
c_theta1_scenario_a,真实系统伪装成本 c_theta1（场景 A）,c_theta1,真实系统伪装成本 c_theta1,scenario_a,1.5,12,-26.256932878776063,13.152293057245364,-55.100000000000016,0.9358333333333332,0.6500003500000001
c_theta1_scenario_a,真实系统伪装成本 c_theta1（场景 A）,c_theta1,真实系统伪装成本 c_theta1,scenario_a,1.5,13,-26.91005961362632,13.47944909865856,-59.691666666666684,0.9358333333333332,0.6500003500000001
c_theta1_scenario_a,真实系统伪装成本 c_theta1（场景 A）,c_theta1,真实系统伪装成本 c_theta1,scenario_a,1.5,14,-27.465217338249037,13.757531733859775,-64.28333333333335,0.9358333333333332,0.6500003500000001
c_theta1_scenario_a,真实系统伪装成本 c_theta1（场景 A）,c_theta1,真实系统伪装成本 c_theta1,scenario_a,1.5,15,-27.937101404178346,13.993901973780808,-68.87500000000001,0.9358333333333332,0.6500003500000001
c_theta1_scenario_a,真实系统伪装成本 c_theta1（场景 A）,c_theta1,真实系统伪装成本 c_theta1,scenario_a,2.0,1,-4.688888888888888,2.300000000000001,-4.688888888888888,0.9144444444444444,0.6500003500000001
c_theta1_scenario_a,真实系统伪装成本 c_theta1（场景 A）,c_theta1,真实系统伪装成本 c_theta1,scenario_a,2.0,2,-8.674444444444445,4.255000000000002,-9.377777777777778,0.9144444444444444,0.6500003500000001
c_theta1_scenario_a,真实系统伪装成本 c_theta1（场景 A）,c_theta1,真实系统伪装成本 c_theta1,scenario_a,2.0,3,-12.062166666666668,5.916750000000003,-14.066666666666668,0.9144444444444445,0.6500003500000001
c_theta1_scenario_a,真实系统伪装成本 c_theta1（场景 A）,c_theta1,真实系统伪装成本 c_theta1,scenario_a,2.0,4,-14.941730555555559,7.329237500000003,-18.75555555555556,0.9144444444444445,0.6500003500000001
c_theta1_scenario_a,真实系统伪装成本 c_theta1（场景 A）,c_theta1,真实系统伪装成本 c_theta1,scenario_a,2.0,5,-17.38935986111111,8.529851875000004,-23.444444444444443,0.9144444444444444,0.6500003500000001
c_theta1_scenario_a,真实系统伪装成本 c_theta1（场景 A）,c_theta1,真实系统伪装成本 c_theta1,scenario_a,2.0,6,-19.469844770833333,9.550374093750005,-28.133333333333333,0.9144444444444444,0.6500003500000001
c_theta1_scenario_a,真实系统伪装成本 c_theta1（场景 A）,c_theta1,真实系统伪装成本 c_theta1,scenario_a,2.0,7,-21.238256944097223,10.417817979687507,-32.82222222222222,0.9144444444444444,0.6500003500000001
c_theta1_scenario_a,真实系统伪装成本 c_theta1（场景 A）,c_theta1,真实系统伪装成本 c_theta1,scenario_a,2.0,8,-22.741407291371523,11.15514528273438,-37.51111111111111,0.9144444444444444,0.6500003500000001
c_theta1_scenario_a,真实系统伪装成本 c_theta1（场景 A）,c_theta1,真实系统伪装成本 c_theta1,scenario_a,2.0,9,-24.019085086554686,11.781873490324225,-42.2,0.9144444444444445,0.6500003500000001
c_theta1_scenario_a,真实系统伪装成本 c_theta1（场景 A）,c_theta1,真实系统伪装成本 c_theta1,scenario_a,2.0,10,-25.10511121246037,12.314592466775592,-46.88888888888889,0.9144444444444446,0.6500003500000001
c_theta1_scenario_a,真实系统伪装成本 c_theta1（场景 A）,c_theta1,真实系统伪装成本 c_theta1,scenario_a,2.0,11,-26.028233419480205,12.767403596759253,-51.57777777777778,0.9144444444444446,0.6500003500000001
c_theta1_scenario_a,真实系统伪装成本 c_theta1（场景 A）,c_theta1,真实系统伪装成本 c_theta1,scenario_a,2.0,12,-26.812887295447062,13.152293057245364,-56.26666666666668,0.9144444444444447,0.6500003500000001
c_theta1_scenario_a,真实系统伪装成本 c_theta1（场景 A）,c_theta1,真实系统伪装成本 c_theta1,scenario_a,2.0,13,-27.479843090018903,13.47944909865856,-60.95555555555557,0.9144444444444447,0.6500003500000001
c_theta1_scenario_a,真实系统伪装成本 c_theta1（场景 A）,c_theta1,真实系统伪装成本 c_theta1,scenario_a,2.0,14,-28.04675551540495,13.757531733859777,-65.64444444444446,0.9144444444444445,0.6500003500000001
c_theta1_scenario_a,真实系统伪装成本 c_theta1（场景 A）,c_theta1,真实系统伪装成本 c_theta1,scenario_a,2.0,15,-28.528631076983096,13.993901973780812,-70.33333333333334,0.9144444444444446,0.6500003500000001
c_theta1_scenario_a,真实系统伪装成本 c_theta1（场景 A）,c_theta1,真实系统伪装成本 c_theta1,scenario_a,2.5,1,-4.786111111111113,2.3000000000000003,-4.786111111111113,0.8930555555555557,0.6500003500000001
c_theta1_scenario_a,真实系统伪装成本 c_theta1（场景 A）,c_theta1,真实系统伪装成本 c_theta1,scenario_a,2.5,2,-8.854305555555559,4.255000000000001,-9.572222222222226,0.8930555555555556,0.6500003500000001
c_theta1_scenario_a,真实系统伪装成本 c_theta1（场景 A）,c_theta1,真实系统伪装成本 c_theta1,scenario_a,2.5,3,-12.312270833333336,5.91675,-14.358333333333336,0.8930555555555556,0.6500003500000001
c_theta1_scenario_a,真实系统伪装成本 c_theta1（场景 A）,c_theta1,真实系统伪装成本 c_theta1,scenario_a,2.5,4,-15.25154131944445,7.329237500000001,-19.144444444444453,0.8930555555555556,0.6500003500000001
c_theta1_scenario_a,真实系统伪装成本 c_theta1（场景 A）,c_theta1,真实系统伪装成本 c_theta1,scenario_a,2.5,5,-17.74992123263889,8.529851875000002,-23.930555555555557,0.8930555555555555,0.6500003500000001
c_theta1_scenario_a,真实系统伪装成本 c_theta1（场景 A）,c_theta1,真实系统伪装成本 c_theta1,scenario_a,2.5,6,-19.87354415885417,9.550374093750001,-28.71666666666667,0.8930555555555556,0.6500003500000001
c_theta1_scenario_a,真实系统伪装成本 c_theta1（场景 A）,c_theta1,真实系统伪装成本 c_theta1,scenario_a,2.5,7,-21.67862364613716,10.417817979687502,-33.50277777777779,0.8930555555555556,0.6500003500000001
c_theta1_scenario_a,真实系统伪装成本 c_theta1（场景 A）,c_theta1,真实系统伪装成本 c_theta1,scenario_a,2.5,8,-23.212941210327692,11.155145282734377,-38.2888888888889,0.8930555555555557,0.6500003500000001
c_theta1_scenario_a,真实系统伪装成本 c_theta1（场景 A）,c_theta1,真实系统伪装成本 c_theta1,scenario_a,2.5,9,-24.517111139889654,11.781873490324221,-43.07500000000001,0.8930555555555557,0.6500003500000001
c_theta1_scenario_a,真实系统伪装成本 c_theta1（场景 A）,c_theta1,真实系统伪装成本 c_theta1,scenario_a,2.5,10,-25.625655580017312,12.314592466775588,-47.86111111111112,0.8930555555555557,0.6500003500000001
c_theta1_scenario_a,真实系统伪装成本 c_theta1（场景 A）,c_theta1,真实系统伪装成本 c_theta1,scenario_a,2.5,11,-26.56791835412583,12.76740359675925,-52.64722222222223,0.8930555555555557,0.6500003500000001
c_theta1_scenario_a,真实系统伪装成本 c_theta1（场景 A）,c_theta1,真实系统伪装成本 c_theta1,scenario_a,2.5,12,-27.36884171211807,13.152293057245362,-57.433333333333344,0.8930555555555557,0.6500003500000001
c_theta1_scenario_a,真实系统伪装成本 c_theta1（场景 A）,c_theta1,真实系统伪装成本 c_theta1,scenario_a,2.5,13,-28.049626566411472,13.479449098658558,-62.219444444444456,0.8930555555555557,0.6500003500000001
c_theta1_scenario_a,真实系统伪装成本 c_theta1（场景 A）,c_theta1,真实系统伪装成本 c_theta1,scenario_a,2.5,14,-28.628293692560856,13.757531733859773,-67.00555555555557,0.8930555555555557,0.6500003500000001
c_theta1_scenario_a,真实系统伪装成本 c_theta1（场景 A）,c_theta1,真实系统伪装成本 c_theta1,scenario_a,2.5,15,-29.120160749787836,13.993901973780808,-71.79166666666669,0.8930555555555557,0.6500003500000001
c_theta1_scenario_a,真实系统伪装成本 c_theta1（场景 A）,c_theta1,真实系统伪装成本 c_theta1,scenario_a,3.0,1,-4.883333333333335,2.3000000000000007,-4.883333333333335,0.8716666666666668,0.6500003500000001
c_theta1_scenario_a,真实系统伪装成本 c_theta1（场景 A）,c_theta1,真实系统伪装成本 c_theta1,scenario_a,3.0,2,-9.03416666666667,4.255000000000001,-9.76666666666667,0.8716666666666668,0.6500003500000001
c_theta1_scenario_a,真实系统伪装成本 c_theta1（场景 A）,c_theta1,真实系统伪装成本 c_theta1,scenario_a,3.0,3,-12.562375000000003,5.916750000000001,-14.650000000000004,0.8716666666666667,0.6500003500000001
c_theta1_scenario_a,真实系统伪装成本 c_theta1（场景 A）,c_theta1,真实系统伪装成本 c_theta1,scenario_a,3.0,4,-15.561352083333336,7.329237500000001,-19.53333333333334,0.8716666666666668,0.6500003500000001
c_theta1_scenario_a,真实系统伪装成本 c_theta1（场景 A）,c_theta1,真实系统伪装成本 c_theta1,scenario_a,3.0,5,-18.11048260416667,8.529851875000002,-24.41666666666667,0.8716666666666668,0.6500003500000001
c_theta1_scenario_a,真实系统伪装成本 c_theta1（场景 A）,c_theta1,真实系统伪装成本 c_theta1,scenario_a,3.0,6,-20.277243546875003,9.550374093750003,-29.300000000000004,0.8716666666666669,0.6500003500000001
c_theta1_scenario_a,真实系统伪装成本 c_theta1（场景 A）,c_theta1,真实系统伪装成本 c_theta1,scenario_a,3.0,7,-22.118990348177086,10.417817979687504,-34.18333333333334,0.8716666666666669,0.6500003500000001
c_theta1_scenario_a,真实系统伪装成本 c_theta1（场景 A）,c_theta1,真实系统伪装成本 c_theta1,scenario_a,3.0,8,-23.684475129283857,11.155145282734379,-39.06666666666667,0.8716666666666669,0.6500003500000001
c_theta1_scenario_a,真实系统伪装成本 c_theta1（场景 A）,c_theta1,真实系统伪装成本 c_theta1,scenario_a,3.0,9,-25.015137193224614,11.781873490324223,-43.95,0.8716666666666669,0.6500003500000001
c_theta1_scenario_a,真实系统伪装成本 c_theta1（场景 A）,c_theta1,真实系统伪装成本 c_theta1,scenario_a,3.0,10,-26.146199947574257,12.31459246677559,-48.833333333333336,0.8716666666666668,0.6500003500000001
c_theta1_scenario_a,真实系统伪装成本 c_theta1（场景 A）,c_theta1,真实系统伪装成本 c_theta1,scenario_a,3.0,11,-27.10760328877145,12.767403596759252,-53.71666666666667,0.8716666666666668,0.6500003500000001
c_theta1_scenario_a,真实系统伪装成本 c_theta1（场景 A）,c_theta1,真实系统伪装成本 c_theta1,scenario_a,3.0,12,-27.924796128789065,13.152293057245364,-58.6,0.8716666666666667,0.6500003500000001
c_theta1_scenario_a,真实系统伪装成本 c_theta1（场景 A）,c_theta1,真实系统伪装成本 c_theta1,scenario_a,3.0,13,-28.619410042804038,13.47944909865856,-63.483333333333334,0.8716666666666667,0.6500003500000001
c_theta1_scenario_a,真实系统伪装成本 c_theta1（场景 A）,c_theta1,真实系统伪装成本 c_theta1,scenario_a,3.0,14,-29.209831869716766,13.757531733859775,-68.36666666666667,0.8716666666666667,0.6500003500000001
c_theta1_scenario_a,真实系统伪装成本 c_theta1（场景 A）,c_theta1,真实系统伪装成本 c_theta1,scenario_a,3.0,15,-29.711690422592586,13.993901973780808,-73.25000000000001,0.8716666666666666,0.6500003500000001
c_theta2_scenario_b,蜜罐系统伪装成本 c_theta2（场景 B）,c_theta2,蜜罐系统伪装成本 c_theta2,scenario_b,0.9,1,1.533,-5.551115123125783e-17,1.533,0.057749999999999996,0.35000029166666663
c_theta2_scenario_b,蜜罐系统伪装成本 c_theta2（场景 B）,c_theta2,蜜罐系统伪装成本 c_theta2,scenario_b,0.9,2,2.8360499999999997,-4.718447854656915e-17,3.066,0.057749999999999996,0.35000029166666663
c_theta2_scenario_b,蜜罐系统伪装成本 c_theta2（场景 B）,c_theta2,蜜罐系统伪装成本 c_theta2,scenario_b,0.9,3,3.9436424999999993,-4.0106806764583776e-17,4.599,0.057749999999999996,0.35000029166666663
c_theta2_scenario_b,蜜罐系统伪装成本 c_theta2（场景 B）,c_theta2,蜜罐系统伪装成本 c_theta2,scenario_b,0.9,4,4.885096124999999,-3.409078574989621e-17,6.132,0.057749999999999996,0.35000029166666663
c_theta2_scenario_b,蜜罐系统伪装成本 c_theta2（场景 B）,c_theta2,蜜罐系统伪装成本 c_theta2,scenario_b,0.9,5,5.685331706249999,-2.8977167887411775e-17,7.664999999999999,0.05774999999999999,0.35000029166666663
c_theta2_scenario_b,蜜罐系统伪装成本 c_theta2（场景 B）,c_theta2,蜜罐系统伪装成本 c_theta2,scenario_b,0.9,6,6.365531950312499,-8.014174393555783e-17,9.197999999999999,0.05774999999999999,0.35000029166666663
c_theta2_scenario_b,蜜罐系统伪装成本 c_theta2（场景 B）,c_theta2,蜜罐系统伪装成本 c_theta2,scenario_b,0.9,7,6.943702157765624,-6.812048234522416e-17,10.730999999999998,0.05774999999999998,0.35000029166666663
c_theta2_scenario_b,蜜罐系统伪装成本 c_theta2（场景 B）,c_theta2,蜜罐系统伪装成本 c_theta2,scenario_b,0.9,8,7.43514683410078,-5.790240999344053e-17,12.263999999999998,0.05774999999999998,0.35000029166666663
c_theta2_scenario_b,蜜罐系统伪装成本 c_theta2（场景 B）,c_theta2,蜜罐系统伪装成本 c_theta2,scenario_b,0.9,9,7.852874808985662,-4.921704849442445e-17,13.796999999999997,0.05774999999999998,0.35000029166666663
c_theta2_scenario_b,蜜罐系统伪装成本 c_theta2（场景 B）,c_theta2,蜜罐系统伪装成本 c_theta2,scenario_b,0.9,10,8.207943587637812,-4.183449122026078e-17,15.329999999999997,0.05774999999999998,0.35000029166666663
c_theta2_scenario_b,蜜罐系统伪装成本 c_theta2（场景 B）,c_theta2,蜜罐系统伪装成本 c_theta2,scenario_b,0.9,11,8.50975204949214,-3.5559317537221667e-17,16.862999999999996,0.057749999999999975,0.35000029166666663
c_theta2_scenario_b,蜜罐系统伪装成本 c_theta2（场景 B）,c_theta2,蜜罐系统伪装成本 c_theta2,scenario_b,0.9,12,8.76628924206832,-3.0225419906638416e-17,18.395999999999997,0.057749999999999975,0.35000029166666663
c_theta2_scenario_b,蜜罐系统伪装成本 c_theta2（场景 B）,c_theta2,蜜罐系统伪装成本 c_theta2,scenario_b,0.9,13,8.984345855758072,-8.120275815190048e-17,19.929,0.057749999999999975,0.35000029166666663
c_theta2_scenario_b,蜜罐系统伪装成本 c_theta2（场景 B）,c_theta2,蜜罐系统伪装成本 c_theta2,scenario_b,0.9,14,9.169693977394362,-6.902234442911541e-17,21.462,0.057749999999999975,0.35000029166666663
c_theta2_scenario_b,蜜罐系统伪装成本 c_theta2（场景 B）,c_theta2,蜜罐系统伪装成本 c_theta2,scenario_b,0.9,15,9.327239880785207,-5.866899276474809e-17,22.995,0.057749999999999975,0.35000029166666663
c_theta2_scenario_b,蜜罐系统伪装成本 c_theta2（场景 B）,c_theta2,蜜罐系统伪装成本 c_theta2,scenario_b,1.1,1,1.4069999999999998,0.0,1.4069999999999998,0.07058333333333333,0.35000029166666663
c_theta2_scenario_b,蜜罐系统伪装成本 c_theta2（场景 B）,c_theta2,蜜罐系统伪装成本 c_theta2,scenario_b,1.1,2,2.60295,0.0,2.8139999999999996,0.07058333333333333,0.35000029166666663
c_theta2_scenario_b,蜜罐系统伪装成本 c_theta2（场景 B）,c_theta2,蜜罐系统伪装成本 c_theta2,scenario_b,1.1,3,3.6195074999999997,5.551115123125783e-17,4.220999999999999,0.07058333333333333,0.35000029166666663
c_theta2_scenario_b,蜜罐系统伪装成本 c_theta2（场景 B）,c_theta2,蜜罐系统伪装成本 c_theta2,scenario_b,1.1,4,4.483581374999999,4.718447854656915e-17,5.627999999999999,0.07058333333333333,0.35000029166666663
c_theta2_scenario_b,蜜罐系统伪装成本 c_theta2（场景 B）,c_theta2,蜜罐系统伪装成本 c_theta2,scenario_b,1.1,5,5.218044168749999,4.0106806764583776e-17,7.034999999999999,0.07058333333333333,0.35000029166666663
c_theta2_scenario_b,蜜罐系统伪装成本 c_theta2（场景 B）,c_theta2,蜜罐系统伪装成本 c_theta2,scenario_b,1.1,6,5.842337543437498,8.960193698115404e-17,8.441999999999998,0.07058333333333333,0.35000029166666663
c_theta2_scenario_b,蜜罐系统伪装成本 c_theta2（场景 B）,c_theta2,蜜罐系统伪装成本 c_theta2,scenario_b,1.1,7,6.372986911921873,7.616164643398093e-17,9.848999999999998,0.07058333333333333,0.35000029166666663
c_theta2_scenario_b,蜜罐系统伪装成本 c_theta2（场景 B）,c_theta2,蜜罐系统伪装成本 c_theta2,scenario_b,1.1,8,6.824038875133592,6.473739946888378e-17,11.255999999999998,0.07058333333333333,0.35000029166666663
c_theta2_scenario_b,蜜罐系统伪装成本 c_theta2（场景 B）,c_theta2,蜜罐系统伪装成本 c_theta2,scenario_b,1.1,9,7.207433043863553,1.1053794077980905e-16,12.662999999999998,0.07058333333333333,0.35000029166666663
c_theta2_scenario_b,蜜罐系统伪装成本 c_theta2（场景 B）,c_theta2,蜜罐系统伪装成本 c_theta2,scenario_b,1.1,10,7.5333180872840195,9.395724966283769e-17,14.069999999999999,0.07058333333333333,0.35000029166666663
c_theta2_scenario_b,蜜罐系统伪装成本 c_theta2（场景 B）,c_theta2,蜜罐系统伪装成本 c_theta2,scenario_b,1.1,11,7.8103203741914164,7.986366221341202e-17,15.476999999999999,0.07058333333333333,0.35000029166666663
c_theta2_scenario_b,蜜罐系统伪装成本 c_theta2（场景 B）,c_theta2,蜜罐系统伪装成本 c_theta2,scenario_b,1.1,12,8.045772318062703,1.2339526411265805e-16,16.883999999999997,0.07058333333333333,0.35000029166666663
c_theta2_scenario_b,蜜罐系统伪装成本 c_theta2（场景 B）,c_theta2,蜜罐系统伪装成本 c_theta2,scenario_b,1.1,13,8.245906470353297,1.0488597449575934e-16,18.290999999999997,0.07058333333333333,0.35000029166666663
c_theta2_scenario_b,蜜罐系统伪装成本 c_theta2（场景 B）,c_theta2,蜜罐系统伪装成本 c_theta2,scenario_b,1.1,14,8.416020499800302,8.915307832139543e-17,19.697999999999997,0.07058333333333333,0.35000029166666663
c_theta2_scenario_b,蜜罐系统伪装成本 c_theta2（场景 B）,c_theta2,蜜罐系统伪装成本 c_theta2,scenario_b,1.1,15,8.560617424830257,7.578011657318612e-17,21.104999999999997,0.07058333333333332,0.35000029166666663
c_theta2_scenario_b,蜜罐系统伪装成本 c_theta2（场景 B）,c_theta2,蜜罐系统伪装成本 c_theta2,scenario_b,1.35,1,1.2494999999999996,0.0,1.2494999999999996,0.08662500000000001,0.35000029166666663
c_theta2_scenario_b,蜜罐系统伪装成本 c_theta2（场景 B）,c_theta2,蜜罐系统伪装成本 c_theta2,scenario_b,1.35,2,2.3115749999999995,0.0,2.498999999999999,0.08662500000000001,0.35000029166666663
c_theta2_scenario_b,蜜罐系统伪装成本 c_theta2（场景 B）,c_theta2,蜜罐系统伪装成本 c_theta2,scenario_b,1.35,3,3.214338749999999,0.0,3.748499999999999,0.08662500000000001,0.35000029166666663
c_theta2_scenario_b,蜜罐系统伪装成本 c_theta2（场景 B）,c_theta2,蜜罐系统伪装成本 c_theta2,scenario_b,1.35,4,3.981687937499999,0.0,4.997999999999998,0.08662500000000001,0.35000029166666663
c_theta2_scenario_b,蜜罐系统伪装成本 c_theta2（场景 B）,c_theta2,蜜罐系统伪装成本 c_theta2,scenario_b,1.35,5,4.633934746874998,0.0,6.247499999999998,0.08662500000000001,0.35000029166666663
c_theta2_scenario_b,蜜罐系统伪装成本 c_theta2（场景 B）,c_theta2,蜜罐系统伪装成本 c_theta2,scenario_b,1.35,6,5.188344534843748,0.0,7.496999999999997,0.08662500000000001,0.35000029166666663
c_theta2_scenario_b,蜜罐系统伪装成本 c_theta2（场景 B）,c_theta2,蜜罐系统伪装成本 c_theta2,scenario_b,1.35,7,5.659592854617185,0.0,8.746499999999997,0.08662500000000002,0.35000029166666663
c_theta2_scenario_b,蜜罐系统伪装成本 c_theta2（场景 B）,c_theta2,蜜罐系统伪装成本 c_theta2,scenario_b,1.35,8,6.060153926424607,0.0,9.995999999999997,0.08662500000000001,0.35000029166666663
c_theta2_scenario_b,蜜罐系统伪装成本 c_theta2（场景 B）,c_theta2,蜜罐系统伪装成本 c_theta2,scenario_b,1.35,9,6.400630837460915,0.0,11.245499999999996,0.08662500000000001,0.35000029166666663
c_theta2_scenario_b,蜜罐系统伪装成本 c_theta2（场景 B）,c_theta2,蜜罐系统伪装成本 c_theta2,scenario_b,1.35,10,6.690036211841777,0.0,12.494999999999996,0.086625,0.35000029166666663
c_theta2_scenario_b,蜜罐系统伪装成本 c_theta2（场景 B）,c_theta2,蜜罐系统伪装成本 c_theta2,scenario_b,1.35,11,6.93603078006551,0.0,13.744499999999995,0.086625,0.35000029166666663
c_theta2_scenario_b,蜜罐系统伪装成本 c_theta2（场景 B）,c_theta2,蜜罐系统伪装成本 c_theta2,scenario_b,1.35,12,7.145126163055682,0.0,14.993999999999994,0.086625,0.35000029166666663
c_theta2_scenario_b,蜜罐系统伪装成本 c_theta2（场景 B）,c_theta2,蜜罐系统伪装成本 c_theta2,scenario_b,1.35,13,7.322857238597329,0.0,16.243499999999994,0.08662499999999998,0.35000029166666663
c_theta2_scenario_b,蜜罐系统伪装成本 c_theta2（场景 B）,c_theta2,蜜罐系统伪装成本 c_theta2,scenario_b,1.35,14,7.4739286528077296,0.0,17.492999999999995,0.08662499999999998,0.35000029166666663
c_theta2_scenario_b,蜜罐系统伪装成本 c_theta2（场景 B）,c_theta2,蜜罐系统伪装成本 c_theta2,scenario_b,1.35,15,7.60233935488657,0.0,18.742499999999996,0.08662499999999998,0.35000029166666663
c_theta2_scenario_b,蜜罐系统伪装成本 c_theta2（场景 B）,c_theta2,蜜罐系统伪装成本 c_theta2,scenario_b,1.7,1,1.0290000000000001,-1.1102230246251565e-16,1.0290000000000001,0.10908333333333331,0.35000029166666663
c_theta2_scenario_b,蜜罐系统伪装成本 c_theta2（场景 B）,c_theta2,蜜罐系统伪装成本 c_theta2,scenario_b,1.7,2,1.9036500000000003,-2.0539125955565397e-16,2.0580000000000003,0.10908333333333331,0.35000029166666663
c_theta2_scenario_b,蜜罐系统伪装成本 c_theta2（场景 B）,c_theta2,蜜罐系统伪装成本 c_theta2,scenario_b,1.7,3,2.6471025000000004,-2.856048730848215e-16,3.0870000000000006,0.10908333333333331,0.35000029166666663
c_theta2_scenario_b,蜜罐系统伪装成本 c_theta2（场景 B）,c_theta2,蜜罐系统伪装成本 c_theta2,scenario_b,1.7,4,3.2790371250000003,-3.5378644458461393e-16,4.1160000000000005,0.10908333333333331,0.35000029166666663
c_theta2_scenario_b,蜜罐系统伪装成本 c_theta2（场景 B）,c_theta2,蜜罐系统伪装成本 c_theta2,scenario_b,1.7,5,3.81618155625,-4.117407803594375e-16,5.1450000000000005,0.10908333333333331,0.35000029166666663
c_theta2_scenario_b,蜜罐系统伪装成本 c_theta2（场景 B）,c_theta2,蜜罐系统伪装成本 c_theta2,scenario_b,1.7,6,4.2727543228125,-4.610019657680375e-16,6.174,0.10908333333333331,0.35000029166666663
c_theta2_scenario_b,蜜罐系统伪装成本 c_theta2（场景 B）,c_theta2,蜜罐系统伪装成本 c_theta2,scenario_b,1.7,7,4.660841174390625,-5.028739733653475e-16,7.203,0.10908333333333331,0.35000029166666663
c_theta2_scenario_b,蜜罐系统伪装成本 c_theta2（场景 B）,c_theta2,蜜罐系统伪装成本 c_theta2,scenario_b,1.7,8,4.990714998232031,-5.38465179823061e-16,8.232000000000001,0.10908333333333331,0.35000029166666663
c_theta2_scenario_b,蜜罐系统伪装成本 c_theta2（场景 B）,c_theta2,蜜罐系统伪装成本 c_theta2,scenario_b,1.7,9,5.271107748497227,-5.687177053121175e-16,9.261000000000001,0.10908333333333331,0.35000029166666663
c_theta2_scenario_b,蜜罐系统伪装成本 c_theta2（场景 B）,c_theta2,蜜罐系统伪装成本 c_theta2,scenario_b,1.7,10,5.509441586222643,-5.944323519778154e-16,10.290000000000001,0.10908333333333331,0.35000029166666663
c_theta2_scenario_b,蜜罐系统伪装成本 c_theta2（场景 B）,c_theta2,蜜罐系统伪装成本 c_theta2,scenario_b,1.7,11,5.712025348289246,-6.162898016436588e-16,11.319,0.1090833333333333,0.35000029166666663
c_theta2_scenario_b,蜜罐系统伪装成本 c_theta2（场景 B）,c_theta2,蜜罐系统伪装成本 c_theta2,scenario_b,1.7,12,5.884221546045859,-6.348686338596256e-16,12.348,0.10908333333333331,0.35000029166666663
c_theta2_scenario_b,蜜罐系统伪装成本 c_theta2（场景 B）,c_theta2,蜜罐系统伪装成本 c_theta2,scenario_b,1.7,13,6.03058831413898,-6.506606412431973e-16,13.377,0.10908333333333332,0.35000029166666663
c_theta2_scenario_b,蜜罐系统伪装成本 c_theta2（场景 B）,c_theta2,蜜罐系统伪装成本 c_theta2,scenario_b,1.7,14,6.1550000670181335,-6.640838475192333e-16,14.406,0.10908333333333332,0.35000029166666663
c_theta2_scenario_b,蜜罐系统伪装成本 c_theta2（场景 B）,c_theta2,蜜罐系统伪装成本 c_theta2,scenario_b,1.7,15,6.2607500569654135,-6.75493572853864e-16,15.435,0.10908333333333334,0.35000029166666663
